id,data,cidade,pm2_5,pm10,no2,so2,o3,co,nh3,pb,umidade,temperatura,casos_problemas_respiratorios
1,2022-01-01,Belo Horizonte,59.4,44.7,54.8,3.6,84.9,1.51,11.7,0.294,46.4,24.2,214
2,2022-01-02,Rio de Janeiro,12.7,31.4,29.7,3.2,72.8,2.97,13.6,0.308,53.3,35.6,76
3,2022-01-03,Belo Horizonte,14.6,17.9,24.3,4.4,77.9,2.68,38.8,0.35,40.4,26.9,96
4,2022-01-04,Belo Horizonte,59.5,66.0,40.1,16.2,73.2,0.7,21.0,0.137,72.8,27.7,209
5,2022-01-05,Belo Horizonte,29.6,24.3,20.7,14.3,94.9,1.89,21.8,0.297,91.7,37.6,99
6,2022-01-06,Porto Alegre,52.6,87.1,46.0,12.8,118.2,1.25,14.1,0.263,47.1,27.8,179
7,2022-01-07,Belo Horizonte,43.7,24.3,41.5,3.2,31.4,0.55,22.9,0.425,82.6,18.2,137
8,2022-01-08,Belo Horizonte,64.0,40.2,35.8,16.1,73.6,0.52,39.2,0.104,89.6,27.0,202
9,2022-01-09,Belo Horizonte,56.8,35.1,43.2,14.7,118.1,1.26,34.6,0.431,71.3,30.7,197
10,2022-01-10,Belo Horizonte,12.7,43.7,46.1,13.9,38.2,2.27,39.8,0.133,75.2,29.2,109
11,2022-01-11,Belo Horizonte,19.6,77.9,43.3,2.9,45.9,1.19,27.5,0.317,73.9,27.1,119
12,2022-01-12,Porto Alegre,43.9,82.3,50.5,8.8,106.6,0.81,17.2,0.378,43.4,13.9,139
13,2022-01-13,Porto Alegre,59.9,77.3,54.6,4.4,116.6,1.21,15.0,0.372,86.3,17.0,164
14,2022-01-14,Porto Alegre,39.4,27.3,59.9,12.3,114.5,1.44,18.4,0.417,42.0,19.7,180
15,2022-01-15,Porto Alegre,57.7,63.7,58.9,17.0,101.7,1.3,34.5,0.178,84.4,25.6,210
16,2022-01-16,Belo Horizonte,35.2,65.5,16.4,18.8,64.6,0.53,20.9,0.244,92.8,27.4,108
17,2022-01-17,Rio de Janeiro,9.0,61.3,21.3,5.9,73.2,2.43,10.5,0.331,68.2,29.3,93
18,2022-01-18,Belo Horizonte,18.4,44.4,51.2,17.3,119.7,0.5,26.6,0.118,64.8,29.2,163
19,2022-01-19,Porto Alegre,30.9,34.2,35.4,14.9,27.2,1.53,15.8,0.496,62.5,26.0,141
20,2022-01-20,Rio de Janeiro,56.3,45.3,39.8,2.9,60.2,1.75,15.8,0.261,45.7,24.0,149
21,2022-01-21,Belo Horizonte,14.7,17.1,27.5,15.3,105.8,0.32,19.4,0.182,69.8,27.8,108
22,2022-01-22,Belo Horizonte,26.8,90.0,47.5,16.9,68.5,1.05,18.8,0.154,59.7,30.6,133
23,2022-01-23,Rio de Janeiro,39.4,47.4,47.2,17.2,76.6,0.71,20.7,0.357,62.2,21.9,184
24,2022-01-24,Belo Horizonte,29.4,26.4,42.8,18.3,72.2,1.83,35.8,0.273,71.3,27.6,171
25,2022-01-25,Rio de Janeiro,12.2,48.8,27.1,9.4,64.2,1.98,13.1,0.419,66.8,27.1,85
26,2022-01-26,Porto Alegre,16.6,21.8,25.2,19.9,99.2,2.23,10.2,0.437,86.2,21.5,134
27,2022-01-27,Rio de Janeiro,26.0,15.4,15.5,15.8,89.2,2.46,34.5,0.198,91.5,20.6,145
28,2022-01-28,Belo Horizonte,18.9,73.3,45.2,14.3,48.9,1.34,13.2,0.189,47.9,21.2,112
29,2022-01-29,Belo Horizonte,8.3,14.0,23.6,17.4,103.1,0.59,17.4,0.246,44.5,33.5,94
30,2022-01-30,Rio de Janeiro,45.2,80.1,17.5,16.9,72.7,2.35,12.5,0.146,88.6,20.7,167
31,2022-01-31,Rio de Janeiro,67.5,11.4,46.5,3.2,35.1,0.79,10.2,0.284,94.0,27.0,213
32,2022-02-01,Rio de Janeiro,17.4,75.3,32.3,13.3,88.1,2.29,37.6,0.268,41.8,26.4,88
33,2022-02-02,Belo Horizonte,24.1,73.7,11.1,18.8,65.1,0.5,23.0,0.153,48.3,35.6,88
34,2022-02-03,Rio de Janeiro,45.5,24.1,37.6,19.4,55.8,2.79,38.6,0.135,50.9,32.0,192
35,2022-02-04,Belo Horizonte,35.3,86.2,58.8,9.2,71.0,2.09,22.5,0.478,63.6,30.2,147
36,2022-02-05,Rio de Janeiro,47.2,69.7,50.3,12.7,43.0,2.15,39.1,0.432,47.1,26.9,158
37,2022-02-06,Belo Horizonte,20.2,43.8,39.0,13.2,102.8,1.37,14.2,0.31,87.9,22.6,94
38,2022-02-07,Porto Alegre,53.0,89.2,49.8,5.4,54.6,2.22,28.8,0.203,89.8,27.9,161
39,2022-02-08,Porto Alegre,61.3,54.5,19.2,2.6,70.2,2.02,12.0,0.2,51.3,26.1,183
40,2022-02-09,Rio de Janeiro,25.0,72.9,15.0,18.1,22.7,1.78,34.6,0.221,64.6,26.9,144
41,2022-02-10,Rio de Janeiro,38.5,44.2,38.6,16.0,112.3,2.73,31.8,0.111,91.4,25.9,149
42,2022-02-11,Rio de Janeiro,13.2,49.0,33.5,12.7,46.4,2.81,31.4,0.296,43.3,18.5,91
43,2022-02-12,Rio de Janeiro,31.7,34.0,28.0,15.1,64.6,1.28,38.3,0.469,64.4,37.0,134
44,2022-02-13,Porto Alegre,23.4,89.2,41.2,6.4,23.2,1.96,22.3,0.332,89.5,27.6,153
45,2022-02-14,Porto Alegre,45.5,11.8,44.7,14.4,104.0,2.88,35.7,0.307,80.6,8.5,173
46,2022-02-15,Rio de Janeiro,49.4,39.8,19.8,4.9,26.7,2.74,37.6,0.303,79.5,29.2,162
47,2022-02-16,Rio de Janeiro,36.3,73.9,11.1,7.7,52.8,0.78,24.6,0.399,52.5,20.8,148
48,2022-02-17,Porto Alegre,14.1,42.8,25.7,15.2,91.3,2.79,23.8,0.302,44.6,21.2,115
49,2022-02-18,Porto Alegre,21.6,66.9,30.3,19.0,45.2,0.71,32.3,0.141,49.0,17.8,150
50,2022-02-19,Porto Alegre,57.2,84.6,11.7,4.9,93.5,1.48,39.3,0.398,41.5,9.2,122
51,2022-02-20,Rio de Janeiro,67.9,46.6,13.3,8.2,45.8,1.24,11.3,0.119,71.0,18.9,170
52,2022-02-21,Rio de Janeiro,42.2,45.5,23.1,11.7,94.0,0.71,15.4,0.131,88.7,28.3,151
53,2022-02-22,Porto Alegre,26.3,88.7,32.6,14.7,68.8,2.73,21.9,0.29,50.5,12.5,121
54,2022-02-23,Belo Horizonte,64.4,65.4,53.1,16.4,101.8,2.7,33.3,0.171,49.9,19.7,207
55,2022-02-24,Rio de Janeiro,7.4,15.9,29.0,13.3,81.8,2.19,25.9,0.1,46.5,33.2,99
56,2022-02-25,Rio de Janeiro,6.0,61.1,32.0,17.1,29.5,1.46,30.8,0.22,57.6,21.8,73
57,2022-02-26,Rio de Janeiro,57.5,35.5,11.2,6.8,48.8,1.88,18.1,0.405,76.0,36.3,151
58,2022-02-27,Rio de Janeiro,58.7,67.6,35.0,13.9,32.7,2.99,27.0,0.419,94.7,31.8,189
59,2022-02-28,Porto Alegre,13.3,79.0,19.9,7.5,73.9,2.89,14.2,0.142,73.0,18.2,118
60,2022-03-01,Rio de Janeiro,17.7,51.5,38.3,8.8,45.9,0.41,20.4,0.27,70.5,26.5,117
61,2022-03-02,Porto Alegre,33.2,51.3,37.7,10.0,31.3,1.05,13.2,0.114,64.3,11.7,135
62,2022-03-03,Belo Horizonte,25.0,76.3,56.2,3.1,41.9,1.97,33.2,0.368,76.9,33.7,124
63,2022-03-04,Porto Alegre,18.4,82.1,34.6,11.5,103.6,2.47,31.2,0.103,68.8,23.6,108
64,2022-03-05,Rio de Janeiro,49.0,75.8,33.3,2.8,119.3,0.86,15.5,0.471,63.7,28.8,167
65,2022-03-06,Belo Horizonte,26.1,66.0,57.2,18.5,114.4,1.88,38.0,0.413,63.9,22.1,166
66,2022-03-07,Rio de Janeiro,57.2,44.5,30.2,4.5,60.9,2.93,31.6,0.168,91.0,37.0,165
67,2022-03-08,Rio de Janeiro,64.9,28.7,38.2,17.9,118.5,1.63,32.9,0.435,40.2,31.9,171
68,2022-03-09,Belo Horizonte,45.3,74.9,47.7,12.4,97.4,2.62,35.7,0.175,60.1,22.8,189
69,2022-03-10,Belo Horizonte,45.5,11.3,35.0,16.5,108.7,0.6,18.7,0.155,41.0,29.0,190
70,2022-03-11,Rio de Janeiro,64.1,69.1,13.6,8.2,89.3,0.41,18.5,0.262,41.8,30.0,192
71,2022-03-12,Porto Alegre,48.9,37.4,16.0,12.3,68.9,2.38,29.6,0.307,47.7,14.1,176
72,2022-03-13,Rio de Janeiro,67.9,78.5,53.5,19.5,21.9,2.49,13.3,0.125,68.5,18.0,202
73,2022-03-14,Belo Horizonte,53.2,86.8,50.6,15.6,23.8,1.95,10.6,0.133,57.6,32.9,180
74,2022-03-15,Belo Horizonte,13.1,64.6,22.5,2.9,68.5,0.34,15.7,0.181,49.2,27.4,72
75,2022-03-16,Rio de Janeiro,41.1,54.0,27.3,2.5,80.1,1.0,39.5,0.417,47.9,19.3,160
76,2022-03-17,Belo Horizonte,20.1,49.8,12.2,18.4,44.6,1.98,28.6,0.4,47.9,35.4,125
77,2022-03-18,Porto Alegre,15.9,55.9,39.3,6.2,77.7,1.23,10.5,0.162,68.3,10.2,115
78,2022-03-19,Rio de Janeiro,57.9,36.0,52.4,7.1,105.9,0.63,22.7,0.135,77.5,22.0,182
79,2022-03-20,Belo Horizonte,66.2,41.7,13.7,13.3,103.8,1.15,33.5,0.412,88.7,31.1,185
80,2022-03-21,Porto Alegre,34.5,11.6,38.0,4.4,119.1,2.99,38.2,0.426,61.5,20.8,145
81,2022-03-22,Belo Horizonte,13.6,11.6,26.6,11.6,79.9,2.73,13.8,0.173,61.6,23.2,78
82,2022-03-23,Porto Alegre,34.8,88.4,50.6,13.4,118.6,0.36,30.6,0.179,82.2,8.2,176
83,2022-03-24,Porto Alegre,27.6,11.7,22.2,18.3,62.7,1.11,33.1,0.442,85.5,19.6,104
84,2022-03-25,Porto Alegre,9.7,56.3,42.1,11.9,38.8,2.19,23.5,0.217,52.3,11.6,86
85,2022-03-26,Belo Horizonte,60.9,14.8,56.1,8.8,112.3,1.94,21.1,0.169,57.0,36.9,185
86,2022-03-27,Porto Alegre,21.9,25.1,21.0,8.5,30.1,1.0,27.4,0.243,45.9,12.8,94
87,2022-03-28,Rio de Janeiro,12.1,56.2,38.6,12.0,36.3,0.53,19.8,0.417,82.9,34.0,90
88,2022-03-29,Rio de Janeiro,24.0,26.0,39.9,5.4,95.0,1.15,22.2,0.422,89.1,35.1,107
89,2022-03-30,Rio de Janeiro,10.2,84.2,16.9,7.3,20.4,1.45,17.6,0.274,58.0,34.3,78
90,2022-03-31,Rio de Janeiro,40.4,71.8,54.8,2.6,35.8,1.8,33.8,0.419,55.4,22.7,186
91,2022-04-01,Porto Alegre,51.6,78.3,23.3,7.0,32.0,2.34,39.8,0.231,70.6,9.0,180
92,2022-04-02,Porto Alegre,66.4,41.8,30.8,16.4,43.1,2.66,16.3,0.319,44.6,22.4,181
93,2022-04-03,Porto Alegre,46.4,35.5,51.0,10.9,52.1,2.56,36.3,0.442,78.1,19.9,156
94,2022-04-04,Rio de Janeiro,11.6,27.6,27.9,10.6,94.9,1.32,14.1,0.226,91.8,34.2,73
95,2022-04-05,Porto Alegre,64.6,33.2,46.5,5.9,24.2,0.58,23.0,0.425,71.6,12.2,178
96,2022-04-06,Porto Alegre,61.4,27.2,55.0,5.2,84.6,2.39,10.5,0.312,91.3,16.5,175
97,2022-04-07,Belo Horizonte,57.7,47.8,53.1,7.7,37.3,1.91,20.9,0.155,55.8,29.7,160
98,2022-04-08,Rio de Janeiro,5.3,22.7,41.6,2.7,69.5,0.89,20.1,0.167,89.5,33.5,119
99,2022-04-09,Belo Horizonte,28.0,60.1,37.6,11.0,50.9,0.44,25.0,0.379,82.7,26.5,103
100,2022-04-10,Belo Horizonte,8.3,32.0,50.1,5.2,62.1,1.34,31.0,0.489,73.8,30.1,123
101,2022-04-11,Rio de Janeiro,54.2,38.4,11.8,8.3,78.7,2.16,35.3,0.393,69.2,26.2,144
102,2022-04-12,Belo Horizonte,45.2,17.8,34.3,11.8,21.5,0.36,12.7,0.309,41.4,24.2,147
103,2022-04-13,Rio de Janeiro,36.1,21.5,46.4,10.2,28.5,2.79,18.2,0.227,64.3,31.2,129
104,2022-04-14,Belo Horizonte,41.2,73.1,25.3,11.7,102.0,2.35,31.0,0.198,68.6,28.3,148
105,2022-04-15,Belo Horizonte,37.6,29.7,51.2,8.7,94.8,2.95,28.2,0.171,92.5,36.3,128
106,2022-04-16,Porto Alegre,47.1,49.9,32.4,3.4,34.4,0.94,33.0,0.487,82.3,10.1,147
107,2022-04-17,Rio de Janeiro,22.2,70.9,38.3,9.6,118.5,2.21,39.8,0.384,54.1,37.4,99
108,2022-04-18,Rio de Janeiro,45.1,28.3,29.6,18.7,86.6,1.32,28.1,0.451,86.3,23.1,181
109,2022-04-19,Porto Alegre,28.4,73.6,34.5,8.9,22.4,0.3,34.6,0.267,69.6,28.0,105
110,2022-04-20,Belo Horizonte,24.8,36.2,40.5,10.7,22.4,0.72,18.7,0.29,84.2,18.8,150
111,2022-04-21,Porto Alegre,29.7,75.0,27.7,14.6,109.5,1.94,11.3,0.365,69.9,14.9,125
112,2022-04-22,Porto Alegre,64.4,25.8,59.3,8.3,103.3,1.69,10.2,0.169,44.4,15.1,185
113,2022-04-23,Rio de Janeiro,28.3,83.0,21.7,4.9,105.7,0.72,17.1,0.257,67.8,20.1,87
114,2022-04-24,Belo Horizonte,68.2,18.4,54.3,18.8,45.0,2.69,11.5,0.193,79.5,33.7,185
115,2022-04-25,Porto Alegre,35.3,28.6,39.3,15.4,96.5,0.7,16.1,0.342,85.1,10.6,154
116,2022-04-26,Rio de Janeiro,15.4,73.6,26.1,11.5,23.9,2.51,16.5,0.349,59.2,28.1,112
117,2022-04-27,Belo Horizonte,40.7,32.2,45.4,6.5,65.8,2.32,31.8,0.385,65.0,37.7,163
118,2022-04-28,Belo Horizonte,55.3,88.5,22.9,15.3,43.8,1.32,19.3,0.267,61.9,19.1,164
119,2022-04-29,Porto Alegre,10.4,61.8,10.0,8.6,60.1,2.8,10.1,0.269,51.4,23.3,62
120,2022-04-30,Rio de Janeiro,31.0,84.1,13.1,11.5,75.2,1.0,28.1,0.25,65.1,32.6,98
121,2022-05-01,Porto Alegre,50.3,60.0,55.4,8.1,77.1,2.37,18.7,0.149,92.8,14.3,171
122,2022-05-02,Porto Alegre,52.2,77.8,34.0,10.4,71.3,0.92,20.8,0.147,63.8,9.9,162
123,2022-05-03,Porto Alegre,34.7,34.7,36.4,14.5,63.8,1.54,29.8,0.187,53.6,14.6,149
124,2022-05-04,Porto Alegre,47.4,43.6,48.2,16.7,96.1,2.59,28.2,0.344,89.4,22.9,160
125,2022-05-05,Rio de Janeiro,33.6,19.5,10.3,10.6,77.9,0.53,10.9,0.461,81.9,25.0,112
126,2022-05-06,Belo Horizonte,32.0,44.3,46.4,10.2,116.6,2.41,39.7,0.351,63.7,28.4,137
127,2022-05-07,Rio de Janeiro,61.4,77.6,55.5,12.0,31.6,1.36,10.2,0.204,93.1,27.5,177
128,2022-05-08,Belo Horizonte,49.9,38.2,30.0,11.2,58.0,2.79,33.7,0.347,70.2,18.2,185
129,2022-05-09,Belo Horizonte,57.9,61.8,54.0,11.1,81.6,2.15,16.9,0.291,46.1,34.4,166
130,2022-05-10,Belo Horizonte,66.9,27.2,13.0,17.1,38.7,2.86,22.3,0.476,70.2,30.8,206
131,2022-05-11,Rio de Janeiro,35.0,40.7,46.7,9.8,91.8,0.3,33.8,0.191,68.5,30.5,156
132,2022-05-12,Belo Horizonte,60.2,56.2,28.3,19.1,86.3,0.59,30.2,0.267,80.5,27.6,158
133,2022-05-13,Rio de Janeiro,43.6,77.3,18.5,8.2,46.0,2.29,23.5,0.339,48.9,34.5,158
134,2022-05-14,Porto Alegre,40.8,47.0,38.8,5.9,95.8,2.27,36.4,0.41,74.1,13.3,163
135,2022-05-15,Porto Alegre,52.5,82.4,43.5,5.8,68.5,0.7,21.0,0.319,47.5,15.1,147
136,2022-05-16,Belo Horizonte,65.1,67.6,40.8,4.4,24.1,2.88,27.4,0.178,69.9,34.6,177
137,2022-05-17,Porto Alegre,9.9,62.6,19.3,18.3,99.4,2.22,19.8,0.294,51.2,22.0,89
138,2022-05-18,Belo Horizonte,66.7,49.9,56.9,16.4,75.8,1.83,37.3,0.426,52.4,21.5,238
139,2022-05-19,Rio de Janeiro,28.8,65.6,19.7,13.5,67.6,1.39,11.2,0.195,93.6,22.5,147
140,2022-05-20,Porto Alegre,65.5,54.3,52.0,17.9,61.3,2.41,12.1,0.148,44.5,13.1,203
141,2022-05-21,Porto Alegre,10.6,74.6,15.8,18.1,114.6,1.78,13.9,0.182,69.1,22.1,124
142,2022-05-22,Rio de Janeiro,16.8,61.1,48.6,7.0,103.8,1.92,25.3,0.26,48.6,26.4,116
143,2022-05-23,Porto Alegre,51.2,71.1,46.3,4.7,84.8,1.77,17.1,0.12,93.4,14.1,149
144,2022-05-24,Belo Horizonte,13.7,20.8,34.0,16.1,76.9,0.81,16.4,0.349,42.8,29.8,127
145,2022-05-25,Porto Alegre,69.8,16.6,34.0,13.7,43.1,0.99,25.9,0.25,58.3,19.4,193
146,2022-05-26,Porto Alegre,51.1,20.5,49.2,9.1,71.9,1.92,38.0,0.392,86.3,26.7,146
147,2022-05-27,Porto Alegre,52.5,89.9,41.6,6.0,49.5,2.98,10.8,0.257,86.6,20.6,146
148,2022-05-28,Porto Alegre,34.5,81.9,29.2,6.9,112.2,1.69,22.7,0.392,62.0,17.4,135
149,2022-05-29,Rio de Janeiro,18.8,52.3,32.3,7.8,51.3,0.65,36.6,0.166,49.2,37.4,94
150,2022-05-30,Rio de Janeiro,10.1,30.3,44.2,17.9,86.9,2.2,16.2,0.487,94.8,28.8,114
151,2022-05-31,Belo Horizonte,27.0,42.9,53.1,17.2,71.4,1.29,35.6,0.443,42.6,24.2,140
152,2022-06-01,Porto Alegre,38.9,48.1,48.2,7.2,110.0,2.68,18.0,0.38,82.1,18.5,130
153,2022-06-02,Rio de Janeiro,63.8,84.7,22.0,2.9,66.3,2.98,37.9,0.412,79.6,19.2,156
154,2022-06-03,Rio de Janeiro,24.9,39.6,42.7,7.9,106.7,1.01,26.2,0.111,60.9,19.3,132
155,2022-06-04,Belo Horizonte,29.9,24.3,19.3,9.4,29.6,2.29,30.6,0.316,40.5,26.0,114
156,2022-06-05,Rio de Janeiro,42.6,44.2,44.2,5.0,103.6,2.95,30.2,0.394,43.6,27.5,148
157,2022-06-06,Porto Alegre,45.1,68.2,35.7,13.3,42.2,1.42,34.0,0.153,68.4,9.8,142
158,2022-06-07,Belo Horizonte,64.3,27.8,44.6,17.3,48.9,2.24,32.9,0.354,45.3,28.0,203
159,2022-06-08,Porto Alegre,5.3,41.8,50.5,5.7,57.6,1.78,19.2,0.457,70.0,10.8,90
160,2022-06-09,Porto Alegre,32.1,16.2,33.3,5.9,115.1,0.91,38.8,0.155,74.6,9.1,102
161,2022-06-10,Rio de Janeiro,30.6,89.5,39.4,8.2,44.9,0.64,32.3,0.393,50.9,26.1,148
162,2022-06-11,Rio de Janeiro,41.8,88.0,25.8,5.1,52.7,1.59,21.1,0.141,65.1,37.7,121
163,2022-06-12,Rio de Janeiro,64.5,42.2,52.9,16.4,90.7,0.75,24.5,0.415,65.6,35.9,205
164,2022-06-13,Porto Alegre,21.1,62.3,17.7,12.7,105.8,2.48,23.8,0.37,90.1,11.3,102
165,2022-06-14,Belo Horizonte,65.2,51.9,35.8,11.3,38.0,1.7,13.7,0.203,75.6,23.2,185
166,2022-06-15,Belo Horizonte,15.3,75.8,33.8,12.4,106.4,1.74,21.8,0.101,63.8,31.4,106
167,2022-06-16,Porto Alegre,44.9,39.2,48.7,12.9,59.9,1.6,33.1,0.275,71.1,27.5,195
168,2022-06-17,Rio de Janeiro,25.5,50.0,24.0,5.2,91.4,1.71,26.6,0.326,83.6,34.2,104
169,2022-06-18,Belo Horizonte,49.7,39.0,51.7,19.8,66.6,2.69,24.6,0.327,58.8,20.2,178
170,2022-06-19,Rio de Janeiro,20.6,82.7,23.9,15.7,33.4,0.86,14.5,0.324,79.2,25.4,141
171,2022-06-20,Rio de Janeiro,58.3,38.6,32.5,8.6,78.2,0.39,11.1,0.493,90.0,22.7,173
172,2022-06-21,Porto Alegre,14.1,80.9,36.9,3.7,114.1,1.41,37.5,0.4,83.3,24.0,88
173,2022-06-22,Belo Horizonte,18.0,12.2,19.0,15.6,97.5,2.57,38.8,0.432,90.4,18.3,124
174,2022-06-23,Belo Horizonte,69.8,64.4,34.9,15.7,46.4,1.69,16.0,0.181,71.0,33.8,226
175,2022-06-24,Porto Alegre,26.0,38.0,14.2,14.8,92.5,2.96,28.4,0.28,41.4,15.7,119
176,2022-06-25,Porto Alegre,14.2,88.9,19.6,5.8,105.0,0.72,37.3,0.151,81.9,10.9,120
177,2022-06-26,Porto Alegre,67.3,23.9,22.6,13.1,26.4,0.99,19.6,0.295,88.4,27.4,209
178,2022-06-27,Rio de Janeiro,45.5,27.8,38.6,10.5,111.8,2.7,16.6,0.113,40.9,37.4,186
179,2022-06-28,Belo Horizonte,63.7,61.4,41.9,14.6,53.6,1.35,11.4,0.151,85.4,20.4,174
180,2022-06-29,Porto Alegre,25.9,35.0,31.3,15.3,86.5,1.97,26.6,0.287,90.2,23.4,141
181,2022-06-30,Porto Alegre,32.0,73.4,17.2,18.5,35.5,2.58,33.9,0.13,42.6,8.6,108
182,2022-07-01,Belo Horizonte,18.7,30.9,29.2,15.1,49.9,2.76,25.4,0.371,90.7,20.7,124
183,2022-07-02,Porto Alegre,14.1,69.6,41.2,10.7,57.2,2.76,22.4,0.371,81.4,24.1,115
184,2022-07-03,Rio de Janeiro,42.6,66.7,26.9,8.3,102.3,1.16,12.4,0.262,83.7,26.1,139
185,2022-07-04,Belo Horizonte,47.0,73.2,20.9,11.0,79.6,2.98,24.1,0.36,50.3,30.4,130
186,2022-07-05,Rio de Janeiro,8.2,63.4,33.8,19.7,84.3,2.64,34.8,0.18,78.2,18.8,109
187,2022-07-06,Belo Horizonte,36.0,50.0,53.8,12.4,100.7,2.69,27.2,0.158,76.4,31.4,176
188,2022-07-07,Rio de Janeiro,29.7,44.3,15.2,18.6,56.6,1.88,33.9,0.471,93.3,31.6,108
189,2022-07-08,Porto Alegre,63.5,67.2,22.3,6.7,45.1,0.96,32.1,0.279,77.6,14.6,162
190,2022-07-09,Rio de Janeiro,47.5,68.2,41.9,14.6,85.1,0.33,39.0,0.298,66.2,31.1,188
191,2022-07-10,Rio de Janeiro,34.7,69.4,28.5,19.8,97.2,2.35,26.7,0.207,70.7,22.8,130
192,2022-07-11,Porto Alegre,39.0,16.3,52.5,9.4,116.9,0.89,13.1,0.373,80.6,24.5,158
193,2022-07-12,Belo Horizonte,36.5,28.1,36.3,8.4,114.1,1.77,24.4,0.401,51.3,21.3,151
194,2022-07-13,Rio de Janeiro,58.5,44.6,33.3,14.4,34.8,0.72,36.3,0.4,75.0,31.9,175
195,2022-07-14,Belo Horizonte,44.0,16.1,36.9,15.3,82.6,0.8,11.2,0.217,59.1,19.3,132
196,2022-07-15,Rio de Janeiro,42.9,19.6,49.6,13.2,99.2,0.36,39.1,0.366,74.0,34.9,179
197,2022-07-16,Rio de Janeiro,51.9,89.9,36.1,7.9,40.5,1.4,15.2,0.274,92.8,35.9,168
198,2022-07-17,Rio de Janeiro,23.8,57.7,54.9,13.6,95.4,2.62,24.4,0.206,41.3,19.6,125
199,2022-07-18,Porto Alegre,12.2,48.0,23.6,14.9,61.1,0.45,15.7,0.289,72.3,15.4,121
200,2022-07-19,Porto Alegre,30.7,22.7,46.2,14.8,34.8,0.76,17.8,0.374,90.4,14.1,158
201,2022-07-20,Belo Horizonte,32.8,69.5,38.9,15.4,78.0,2.77,10.5,0.407,89.0,25.2,157
202,2022-07-21,Belo Horizonte,65.4,58.2,29.6,3.4,65.2,2.05,34.0,0.125,79.9,31.2,149
203,2022-07-22,Belo Horizonte,60.9,20.8,48.2,18.5,64.4,0.31,34.2,0.446,65.3,31.3,189
204,2022-07-23,Rio de Janeiro,37.3,41.3,19.6,7.7,25.5,1.45,20.8,0.491,59.3,33.7,126
205,2022-07-24,Porto Alegre,23.4,60.6,49.1,5.8,98.5,1.66,30.7,0.266,84.9,24.7,110
206,2022-07-25,Porto Alegre,21.3,77.1,18.8,11.9,111.1,2.43,14.1,0.443,94.8,20.9,97
207,2022-07-26,Rio de Janeiro,7.9,11.9,21.0,10.1,76.4,2.28,30.9,0.384,75.5,28.2,114
208,2022-07-27,Porto Alegre,22.4,80.3,45.4,3.0,72.9,0.91,21.4,0.476,86.0,13.7,134
209,2022-07-28,Porto Alegre,46.7,71.1,30.0,18.3,93.9,0.61,10.5,0.128,90.1,12.5,154
210,2022-07-29,Belo Horizonte,7.3,37.3,10.7,8.7,33.6,2.64,21.4,0.461,42.9,31.2,101
211,2022-07-30,Porto Alegre,52.5,28.8,14.0,2.0,34.9,1.94,10.5,0.227,49.4,12.0,116
212,2022-07-31,Rio de Janeiro,39.6,53.4,44.2,9.0,97.6,2.41,31.1,0.47,78.3,22.9,131
213,2022-08-01,Belo Horizonte,13.9,68.0,37.5,16.3,107.3,0.79,11.2,0.379,82.2,19.2,94
214,2022-08-02,Porto Alegre,54.6,63.0,26.9,5.5,62.2,1.32,21.3,0.343,70.2,19.0,147
215,2022-08-03,Belo Horizonte,54.3,47.4,32.0,15.0,105.5,1.19,33.5,0.113,69.6,28.3,193
216,2022-08-04,Porto Alegre,20.6,23.2,15.6,6.3,30.4,1.31,14.7,0.158,87.0,12.2,93
217,2022-08-05,Porto Alegre,42.0,22.4,27.0,17.9,106.5,1.71,12.0,0.228,90.3,25.2,164
218,2022-08-06,Rio de Janeiro,64.8,66.8,25.8,13.2,65.2,1.64,14.4,0.17,64.4,23.0,192
219,2022-08-07,Belo Horizonte,15.1,58.2,28.8,17.4,70.0,2.0,16.4,0.124,52.2,20.9,94
220,2022-08-08,Belo Horizonte,35.4,87.3,42.4,3.2,113.9,0.41,14.4,0.182,76.1,28.2,114
221,2022-08-09,Rio de Janeiro,14.0,67.6,17.6,3.4,40.6,2.76,15.4,0.15,66.6,25.3,90
222,2022-08-10,Porto Alegre,6.3,15.0,18.1,16.6,76.4,1.5,28.0,0.173,67.0,12.0,117
223,2022-08-11,Rio de Janeiro,51.2,53.9,43.7,12.2,34.8,2.01,11.7,0.292,67.4,20.5,164
224,2022-08-12,Porto Alegre,68.2,57.4,33.6,17.3,69.8,1.67,37.4,0.275,60.8,8.6,200
225,2022-08-13,Rio de Janeiro,64.8,78.9,49.2,8.0,109.4,2.92,10.1,0.368,48.7,37.4,187
226,2022-08-14,Porto Alegre,14.1,28.3,20.3,15.9,68.0,2.22,30.6,0.107,75.1,27.8,122
227,2022-08-15,Porto Alegre,6.5,20.0,57.4,11.9,24.7,2.18,19.6,0.312,93.6,15.2,124
228,2022-08-16,Rio de Janeiro,67.7,31.6,59.2,13.8,102.0,2.72,18.1,0.469,47.1,35.6,214
229,2022-08-17,Porto Alegre,36.1,31.3,59.4,6.1,68.9,0.33,17.9,0.329,63.7,21.6,182
230,2022-08-18,Porto Alegre,12.5,38.7,21.9,9.9,82.5,1.54,29.3,0.22,59.6,13.7,101
231,2022-08-19,Rio de Janeiro,23.2,78.5,49.9,11.6,86.5,0.54,22.6,0.224,87.4,18.7,133
232,2022-08-20,Belo Horizonte,24.9,31.6,57.8,20.0,88.2,2.68,22.4,0.402,81.4,19.5,144
233,2022-08-21,Belo Horizonte,33.2,27.2,20.4,10.5,79.9,1.58,17.3,0.189,84.7,30.8,113
234,2022-08-22,Rio de Janeiro,42.7,36.9,27.9,16.0,89.8,0.31,32.5,0.344,47.3,34.0,158
235,2022-08-23,Rio de Janeiro,34.1,69.1,52.6,8.1,69.1,2.89,27.5,0.289,64.0,33.4,127
236,2022-08-24,Belo Horizonte,46.9,39.0,59.4,8.7,58.4,2.76,16.0,0.34,66.0,19.9,181
237,2022-08-25,Belo Horizonte,30.0,75.1,14.2,6.3,79.7,1.76,36.8,0.177,48.4,36.8,138
238,2022-08-26,Porto Alegre,24.1,15.3,16.2,18.1,58.9,1.46,31.4,0.321,76.5,9.7,135
239,2022-08-27,Porto Alegre,27.3,14.0,53.7,13.8,36.2,2.57,13.3,0.332,92.0,22.3,126
240,2022-08-28,Porto Alegre,40.9,39.6,27.3,4.1,31.8,0.88,22.5,0.257,87.9,11.2,164
241,2022-08-29,Belo Horizonte,32.0,65.7,11.8,8.8,97.1,2.1,16.3,0.414,59.6,33.9,137
242,2022-08-30,Belo Horizonte,19.5,81.3,29.2,6.5,105.5,0.32,32.4,0.195,75.1,27.0,92
243,2022-08-31,Rio de Janeiro,65.8,73.9,45.5,3.1,86.2,2.89,32.7,0.485,50.3,26.8,165
244,2022-09-01,Belo Horizonte,25.9,21.1,39.2,10.4,71.8,1.38,19.6,0.366,79.4,38.0,141
245,2022-09-02,Rio de Janeiro,17.8,83.9,36.4,15.6,80.9,2.55,12.3,0.163,51.0,24.6,102
246,2022-09-03,Rio de Janeiro,56.2,43.7,29.6,6.3,86.5,2.41,26.6,0.405,67.5,28.7,180
247,2022-09-04,Porto Alegre,23.4,46.2,58.7,2.8,103.8,1.64,19.2,0.489,78.1,9.1,138
248,2022-09-05,Belo Horizonte,29.4,50.4,22.2,3.4,45.0,0.91,37.9,0.23,51.7,19.2,106
249,2022-09-06,Rio de Janeiro,21.7,25.6,50.6,11.2,82.4,1.85,24.3,0.48,58.3,31.5,108
250,2022-09-07,Belo Horizonte,5.1,17.8,47.1,9.1,71.9,1.79,40.0,0.465,47.3,30.5,123
251,2022-09-08,Porto Alegre,44.9,76.0,30.7,13.3,82.0,2.81,31.5,0.417,94.2,27.6,135
252,2022-09-09,Porto Alegre,14.7,29.0,33.8,15.5,102.3,2.35,22.1,0.325,89.2,17.0,109
253,2022-09-10,Porto Alegre,29.6,31.3,33.9,6.4,84.5,0.57,32.9,0.362,44.0,13.0,155
254,2022-09-11,Porto Alegre,14.0,47.5,58.7,18.2,72.5,2.98,35.3,0.257,86.9,19.8,110
255,2022-09-12,Porto Alegre,56.6,15.2,51.6,8.7,38.2,1.94,39.0,0.379,76.6,22.5,180
256,2022-09-13,Rio de Janeiro,52.9,54.1,38.7,11.6,102.8,2.25,21.4,0.482,91.3,34.4,155
257,2022-09-14,Porto Alegre,50.9,67.7,33.4,16.8,55.6,0.72,24.9,0.112,43.0,23.4,152
258,2022-09-15,Rio de Janeiro,64.3,50.5,30.4,13.7,113.9,0.89,31.7,0.128,86.4,37.1,173
259,2022-09-16,Belo Horizonte,59.3,26.0,37.0,11.8,113.1,1.1,20.7,0.366,74.1,25.9,172
260,2022-09-17,Rio de Janeiro,24.5,74.4,25.7,15.2,108.3,1.57,15.3,0.167,61.7,26.1,115
261,2022-09-18,Rio de Janeiro,12.7,17.0,43.8,12.4,86.7,1.37,16.0,0.498,49.7,34.4,110
262,2022-09-19,Belo Horizonte,23.5,47.8,41.0,2.8,26.4,1.37,17.1,0.257,81.3,20.8,99
263,2022-09-20,Rio de Janeiro,68.9,11.5,11.4,10.6,56.9,1.0,23.3,0.449,46.0,29.5,198
264,2022-09-21,Porto Alegre,19.7,53.5,47.2,12.7,82.0,1.63,34.3,0.413,84.7,19.3,130
265,2022-09-22,Rio de Janeiro,44.5,66.3,49.4,17.4,119.7,2.43,11.5,0.459,78.6,34.8,173
266,2022-09-23,Rio de Janeiro,67.0,61.4,21.0,12.5,97.8,0.59,37.6,0.158,90.1,33.6,178
267,2022-09-24,Porto Alegre,56.3,47.9,30.9,3.1,75.9,1.23,28.1,0.247,83.3,28.0,147
268,2022-09-25,Porto Alegre,38.4,28.8,19.1,16.1,87.2,0.83,29.9,0.261,93.8,25.9,143
269,2022-09-26,Porto Alegre,41.0,79.7,21.5,2.5,112.5,2.56,29.5,0.121,92.7,10.5,155
270,2022-09-27,Porto Alegre,34.6,57.7,16.8,3.5,68.0,2.52,17.7,0.483,41.7,8.5,106
271,2022-09-28,Belo Horizonte,43.4,20.5,52.0,7.3,43.9,1.28,24.0,0.48,86.1,27.7,148
272,2022-09-29,Belo Horizonte,30.9,19.0,43.8,11.5,75.8,2.11,28.3,0.307,64.6,32.4,114
273,2022-09-30,Porto Alegre,53.0,56.6,59.1,8.3,106.9,1.97,38.9,0.446,66.2,10.6,172
274,2022-10-01,Rio de Janeiro,42.5,72.0,13.8,17.2,54.7,0.48,31.2,0.123,50.4,32.6,121
275,2022-10-02,Belo Horizonte,10.8,16.1,11.6,6.5,76.3,2.93,21.3,0.34,61.7,29.7,108
276,2022-10-03,Rio de Janeiro,59.8,55.3,15.8,11.7,48.9,2.36,39.6,0.452,67.2,31.1,174
277,2022-10-04,Rio de Janeiro,23.4,76.6,31.1,18.3,50.4,1.61,19.6,0.427,41.6,18.8,154
278,2022-10-05,Belo Horizonte,51.7,86.7,24.5,3.0,78.1,2.53,31.4,0.418,57.7,34.6,153
279,2022-10-06,Porto Alegre,58.7,80.2,32.7,11.2,50.3,0.79,32.0,0.147,91.8,23.8,174
280,2022-10-07,Belo Horizonte,60.3,34.2,22.4,9.5,90.2,1.26,33.0,0.248,48.4,34.6,169
281,2022-10-08,Belo Horizonte,9.4,29.3,35.5,13.0,85.3,2.45,19.3,0.293,52.3,33.2,105
282,2022-10-09,Rio de Janeiro,62.4,31.9,30.2,17.0,80.1,1.59,37.0,0.469,50.7,30.0,197
283,2022-10-10,Belo Horizonte,53.6,80.7,35.5,8.8,73.0,1.92,20.3,0.203,66.7,31.2,151
284,2022-10-11,Belo Horizonte,61.2,45.4,23.4,16.3,74.1,1.58,12.8,0.229,79.2,21.2,146
285,2022-10-12,Rio de Janeiro,11.8,15.3,21.9,10.4,38.7,1.64,36.4,0.149,45.9,22.9,69
286,2022-10-13,Belo Horizonte,43.5,74.0,31.9,9.9,55.4,1.8,23.5,0.491,87.3,30.1,141
287,2022-10-14,Rio de Janeiro,28.1,38.3,14.0,19.4,33.6,0.83,18.2,0.373,83.8,20.6,106
288,2022-10-15,Porto Alegre,52.5,55.2,19.3,18.4,82.3,2.92,32.5,0.289,42.0,14.7,140
289,2022-10-16,Belo Horizonte,53.6,16.1,36.7,2.2,113.5,1.4,39.3,0.365,63.7,33.0,170
290,2022-10-17,Belo Horizonte,26.3,71.8,29.2,7.2,48.3,1.32,18.2,0.415,76.7,21.6,111
291,2022-10-18,Belo Horizonte,57.8,14.1,37.3,3.4,50.9,2.38,35.4,0.423,58.8,29.0,157
292,2022-10-19,Rio de Janeiro,53.6,74.0,18.2,2.6,65.7,1.05,21.8,0.444,85.7,28.3,124
293,2022-10-20,Belo Horizonte,51.5,27.7,27.6,12.9,90.3,1.22,35.5,0.122,84.0,30.8,144
294,2022-10-21,Rio de Janeiro,6.6,24.1,38.6,3.5,54.3,1.74,23.1,0.172,76.5,31.4,70
295,2022-10-22,Porto Alegre,61.6,44.9,41.2,14.6,68.5,2.29,19.2,0.45,89.9,16.3,190
296,2022-10-23,Rio de Janeiro,68.7,88.9,57.5,13.2,21.1,1.56,24.3,0.473,47.7,27.0,215
297,2022-10-24,Porto Alegre,47.3,86.8,54.1,2.3,43.9,2.63,13.1,0.443,67.7,13.1,167
298,2022-10-25,Porto Alegre,39.9,73.0,41.3,3.4,89.8,2.13,18.8,0.357,60.1,15.8,140
299,2022-10-26,Belo Horizonte,61.7,84.1,33.1,7.3,109.7,0.48,12.7,0.425,46.9,31.8,155
300,2022-10-27,Belo Horizonte,51.1,55.4,24.6,2.6,73.1,2.26,37.3,0.328,74.7,32.4,172
301,2022-10-28,Rio de Janeiro,41.2,87.6,31.5,16.8,57.9,1.36,31.3,0.188,54.4,23.0,131
302,2022-10-29,Rio de Janeiro,12.8,62.4,29.4,7.2,94.2,2.74,24.4,0.151,91.3,22.7,112
303,2022-10-30,Porto Alegre,61.8,88.4,25.8,13.2,65.9,1.33,16.8,0.212,44.9,12.8,161
304,2022-10-31,Belo Horizonte,42.8,63.6,53.2,4.9,53.1,0.65,13.7,0.383,77.3,26.0,175
305,2022-11-01,Porto Alegre,61.6,87.1,52.6,12.6,102.9,0.49,23.3,0.253,55.1,26.2,213
306,2022-11-02,Rio de Janeiro,37.9,12.2,59.9,16.3,96.3,0.66,14.0,0.252,64.6,33.6,178
307,2022-11-03,Belo Horizonte,37.4,74.1,11.5,12.3,60.2,0.57,12.2,0.211,94.4,21.2,108
308,2022-11-04,Belo Horizonte,10.8,32.0,21.6,12.5,54.1,2.61,14.2,0.317,94.8,20.8,118
309,2022-11-05,Porto Alegre,40.0,17.5,27.3,11.4,108.2,2.18,19.4,0.133,79.0,23.1,133
310,2022-11-06,Porto Alegre,54.2,52.4,16.7,4.9,38.5,0.9,15.5,0.128,91.3,15.0,154
311,2022-11-07,Porto Alegre,23.2,87.4,37.0,15.8,64.6,1.63,18.3,0.193,46.3,11.1,151
312,2022-11-08,Rio de Janeiro,9.8,13.6,51.7,5.9,78.7,1.82,17.3,0.171,93.4,19.4,121
313,2022-11-09,Porto Alegre,23.7,55.5,53.0,3.1,56.8,2.97,17.2,0.234,77.7,22.5,101
314,2022-11-10,Belo Horizonte,55.4,73.8,35.0,5.2,27.5,2.78,39.2,0.301,75.4,19.5,168
315,2022-11-11,Belo Horizonte,57.4,86.8,22.3,18.7,117.0,0.78,21.0,0.405,74.4,22.4,177
316,2022-11-12,Rio de Janeiro,9.9,61.4,55.3,13.1,61.5,1.78,29.4,0.46,81.7,26.7,125
317,2022-11-13,Porto Alegre,23.8,65.0,46.5,19.1,98.9,1.94,14.7,0.335,72.7,9.8,156
318,2022-11-14,Belo Horizonte,26.8,43.6,21.9,17.7,118.8,1.76,12.1,0.147,56.2,25.4,115
319,2022-11-15,Belo Horizonte,62.4,55.0,13.0,19.3,47.4,2.93,30.9,0.429,69.6,33.7,167
320,2022-11-16,Rio de Janeiro,58.5,28.9,26.0,4.9,72.8,1.44,10.8,0.224,83.6,26.5,170
321,2022-11-17,Porto Alegre,66.5,81.6,17.9,14.7,60.7,2.65,24.2,0.239,88.0,24.9,148
322,2022-11-18,Porto Alegre,22.1,67.7,55.5,18.0,30.7,0.43,28.3,0.23,54.2,23.8,137
323,2022-11-19,Rio de Janeiro,24.4,57.1,16.5,6.4,82.6,2.84,18.6,0.174,69.9,22.0,111
324,2022-11-20,Porto Alegre,17.7,89.5,53.6,13.7,79.1,1.11,13.1,0.465,80.3,23.2,140
325,2022-11-21,Rio de Janeiro,11.8,15.2,57.1,7.1,116.3,1.0,26.9,0.359,90.4,30.7,123
326,2022-11-22,Belo Horizonte,56.4,20.1,46.0,3.5,31.6,2.24,30.9,0.241,62.1,22.7,152
327,2022-11-23,Belo Horizonte,22.9,45.1,22.5,19.9,58.2,0.53,15.5,0.488,81.3,19.8,98
328,2022-11-24,Porto Alegre,35.4,30.2,31.3,16.4,60.0,2.65,15.3,0.15,63.6,16.0,141
329,2022-11-25,Porto Alegre,60.7,71.7,46.2,12.0,109.4,2.02,36.4,0.393,40.3,12.5,166
330,2022-11-26,Rio de Janeiro,59.9,56.5,54.6,13.7,22.0,0.35,34.1,0.384,75.5,20.0,172
331,2022-11-27,Belo Horizonte,31.5,83.9,54.0,10.1,35.7,2.29,23.3,0.466,54.3,30.3,164
332,2022-11-28,Porto Alegre,28.2,61.6,21.8,15.6,32.4,1.22,25.5,0.402,70.3,17.4,139
333,2022-11-29,Rio de Janeiro,46.5,23.3,49.1,19.0,119.1,1.78,15.3,0.459,58.8,34.1,159
334,2022-11-30,Rio de Janeiro,64.5,22.7,25.3,8.2,111.1,1.27,32.4,0.442,71.5,20.1,150
335,2022-12-01,Belo Horizonte,54.7,48.3,59.7,8.0,36.7,0.63,35.5,0.154,75.6,18.2,190
336,2022-12-02,Belo Horizonte,53.8,50.1,26.2,9.5,88.8,1.09,29.0,0.494,84.7,35.6,149
337,2022-12-03,Porto Alegre,21.8,77.8,27.4,17.9,23.5,2.78,27.5,0.177,69.3,17.7,108
338,2022-12-04,Belo Horizonte,51.3,12.4,18.8,4.7,38.0,1.13,31.3,0.114,78.6,38.0,149
339,2022-12-05,Rio de Janeiro,50.7,34.1,38.6,16.6,94.9,0.38,26.2,0.378,69.2,29.7,179
340,2022-12-06,Porto Alegre,29.1,45.3,36.7,3.9,68.8,1.42,12.5,0.237,54.5,19.7,129
341,2022-12-07,Rio de Janeiro,52.5,87.3,44.1,13.7,89.9,1.5,33.9,0.423,52.7,21.1,201
342,2022-12-08,Belo Horizonte,14.1,35.8,23.7,11.6,41.4,1.02,33.1,0.149,46.0,20.3,77
343,2022-12-09,Porto Alegre,10.5,67.4,39.7,4.7,37.6,2.09,29.6,0.346,40.2,24.1,103
344,2022-12-10,Rio de Janeiro,18.8,42.1,28.3,13.9,70.9,1.35,28.8,0.345,67.2,34.4,91
345,2022-12-11,Belo Horizonte,44.3,37.0,59.1,6.8,34.6,2.45,32.0,0.336,85.0,30.2,180
346,2022-12-12,Porto Alegre,61.3,20.8,42.6,16.4,64.6,0.78,18.2,0.293,78.0,14.1,182
347,2022-12-13,Belo Horizonte,17.5,17.2,27.6,12.6,55.5,2.72,15.9,0.378,78.7,22.0,115
348,2022-12-14,Porto Alegre,21.3,27.4,27.2,2.5,104.6,1.53,26.3,0.372,45.7,10.9,114
349,2022-12-15,Porto Alegre,51.7,72.7,13.1,18.6,76.0,0.79,32.0,0.484,56.4,20.9,161
350,2022-12-16,Porto Alegre,37.8,21.2,50.2,16.9,115.7,1.52,35.2,0.472,72.3,8.4,177
351,2022-12-17,Porto Alegre,46.2,61.2,20.1,9.3,104.6,0.93,24.2,0.418,87.8,23.4,162
352,2022-12-18,Porto Alegre,31.2,48.7,13.6,9.5,25.5,1.42,26.4,0.279,74.7,26.7,88
353,2022-12-19,Porto Alegre,47.1,66.9,29.6,5.1,115.4,1.59,31.4,0.147,69.1,10.1,147
354,2022-12-20,Belo Horizonte,58.4,55.6,19.4,2.4,85.1,1.91,34.2,0.232,88.6,24.8,131
355,2022-12-21,Belo Horizonte,29.4,69.0,37.8,16.7,84.2,1.63,32.2,0.19,58.9,26.1,164
356,2022-12-22,Rio de Janeiro,63.7,53.1,18.9,5.1,23.2,1.85,36.6,0.171,76.3,28.7,164
357,2022-12-23,Belo Horizonte,24.7,31.2,26.5,18.7,67.8,0.37,15.5,0.357,81.6,26.9,114
358,2022-12-24,Porto Alegre,10.7,85.4,29.0,5.3,84.9,1.2,10.3,0.204,91.7,28.0,96
359,2022-12-25,Rio de Janeiro,58.0,12.9,34.2,13.7,74.3,1.51,30.8,0.495,54.4,26.6,170
360,2022-12-26,Rio de Janeiro,34.9,18.1,50.8,14.1,20.8,2.05,23.4,0.42,76.6,28.4,130
361,2022-12-27,Belo Horizonte,49.5,39.3,48.4,18.6,93.4,1.33,23.9,0.345,74.0,33.5,197
362,2022-12-28,Rio de Janeiro,37.9,20.8,46.6,2.3,108.8,1.19,12.3,0.317,60.4,28.9,163
363,2022-12-29,Belo Horizonte,58.7,46.4,55.4,9.1,81.4,1.89,19.4,0.201,74.0,27.3,219
364,2022-12-30,Porto Alegre,68.1,76.7,47.3,19.8,108.0,1.14,27.4,0.187,84.9,11.8,187
365,2022-12-31,Belo Horizonte,24.6,82.9,48.9,10.5,102.1,2.38,30.0,0.171,59.2,34.1,150
366,2023-01-01,Belo Horizonte,62.2,23.5,17.6,10.4,77.2,1.29,29.0,0.256,42.9,31.0,178
367,2023-01-02,Rio de Janeiro,14.2,41.7,14.3,5.3,46.2,0.52,13.4,0.379,48.2,33.9,115
368,2023-01-03,Rio de Janeiro,29.5,71.9,28.9,16.8,73.4,2.96,29.6,0.349,92.7,22.7,114
369,2023-01-04,Belo Horizonte,17.9,78.8,20.1,2.9,111.4,1.38,29.2,0.5,60.2,30.1,114
370,2023-01-05,Belo Horizonte,55.5,77.6,45.8,7.1,66.0,0.32,14.1,0.144,51.6,32.7,157
371,2023-01-06,Belo Horizonte,35.5,78.1,21.3,18.5,93.1,2.28,32.9,0.296,63.4,25.7,162
372,2023-01-07,Porto Alegre,8.4,11.4,30.8,19.9,86.2,0.32,14.3,0.419,62.6,17.5,83
373,2023-01-08,Belo Horizonte,54.3,58.8,18.5,19.7,40.6,1.85,28.3,0.259,48.5,33.7,148
374,2023-01-09,Porto Alegre,19.3,50.4,45.1,2.6,97.6,1.3,18.5,0.156,57.6,12.2,114
375,2023-01-10,Rio de Janeiro,16.9,53.8,43.2,16.9,69.8,1.41,39.7,0.339,90.5,35.3,98
376,2023-01-11,Rio de Janeiro,46.4,69.0,26.9,10.1,101.0,0.94,12.5,0.327,56.5,20.7,155
377,2023-01-12,Porto Alegre,13.7,80.3,34.2,8.0,27.7,2.97,15.8,0.274,41.2,14.3,82
378,2023-01-13,Porto Alegre,33.2,33.3,47.1,2.6,77.5,2.65,35.6,0.449,51.3,15.2,155
379,2023-01-14,Porto Alegre,12.5,87.4,47.1,15.6,27.6,2.64,36.8,0.378,45.4,22.5,115
380,2023-01-15,Belo Horizonte,34.1,13.2,15.3,3.6,58.8,1.48,13.5,0.316,87.8,26.2,117
381,2023-01-16,Rio de Janeiro,67.8,34.9,11.5,11.6,36.6,2.77,18.6,0.107,55.6,29.5,167
382,2023-01-17,Rio de Janeiro,60.0,38.0,53.6,11.1,109.6,1.71,23.4,0.449,48.0,21.3,176
383,2023-01-18,Belo Horizonte,34.5,81.1,12.1,10.4,96.5,1.67,17.8,0.214,88.6,27.4,123
384,2023-01-19,Porto Alegre,21.0,75.9,55.9,19.9,46.4,2.71,29.7,0.134,48.9,21.0,153
385,2023-01-20,Porto Alegre,66.7,56.4,59.2,9.5,60.5,2.93,39.4,0.111,75.8,17.2,208
386,2023-01-21,Belo Horizonte,11.9,26.9,39.4,8.5,100.5,2.35,29.5,0.355,78.2,32.9,93
387,2023-01-22,Belo Horizonte,10.2,71.0,56.1,14.1,112.5,0.31,13.1,0.338,56.8,23.0,100
388,2023-01-23,Rio de Janeiro,9.4,28.9,11.3,2.5,67.5,2.15,34.5,0.416,58.2,31.5,48
389,2023-01-24,Porto Alegre,15.9,68.9,51.4,19.5,105.7,2.75,28.5,0.285,94.5,9.9,146
390,2023-01-25,Rio de Janeiro,12.2,13.7,47.4,14.1,62.1,2.16,16.2,0.176,50.0,29.1,99
391,2023-01-26,Rio de Janeiro,23.2,25.9,47.8,6.2,109.9,0.99,30.5,0.408,49.7,27.4,152
392,2023-01-27,Belo Horizonte,11.6,78.7,31.3,3.9,41.9,2.19,11.5,0.34,85.1,35.7,72
393,2023-01-28,Porto Alegre,53.6,71.1,34.6,15.5,45.1,1.46,10.1,0.303,41.2,9.5,198
394,2023-01-29,Rio de Janeiro,33.2,68.5,14.3,9.1,80.8,1.07,32.6,0.477,48.5,18.8,133
395,2023-01-30,Porto Alegre,20.2,43.5,44.8,5.2,86.5,1.31,29.2,0.436,42.8,22.2,140
396,2023-01-31,Belo Horizonte,34.5,71.4,10.8,18.5,44.8,2.41,34.4,0.458,79.2,20.5,100
397,2023-02-01,Porto Alegre,37.5,35.7,10.2,9.0,24.6,2.8,36.4,0.456,70.1,12.1,100
398,2023-02-02,Porto Alegre,35.8,54.7,52.8,2.8,73.9,1.75,17.0,0.482,76.3,26.5,137
399,2023-02-03,Belo Horizonte,43.7,83.6,12.8,4.2,28.7,0.61,26.3,0.187,92.6,35.1,148
400,2023-02-04,Rio de Janeiro,23.1,86.1,34.3,8.6,74.6,2.06,11.0,0.5,87.0,36.3,116
401,2023-02-05,Rio de Janeiro,5.1,36.6,53.2,12.1,93.3,1.87,34.1,0.26,54.7,20.7,84
402,2023-02-06,Rio de Janeiro,13.7,86.2,11.0,16.3,82.9,0.33,38.6,0.269,59.4,21.9,82
403,2023-02-07,Belo Horizonte,27.5,79.8,16.6,16.8,87.6,0.96,29.5,0.489,91.2,19.8,94
404,2023-02-08,Belo Horizonte,56.2,79.1,45.5,17.1,41.7,1.67,10.4,0.169,52.2,22.9,205
405,2023-02-09,Porto Alegre,28.5,59.4,40.5,15.6,80.2,1.21,36.7,0.131,56.7,27.8,123
406,2023-02-10,Rio de Janeiro,34.3,71.8,40.9,16.1,39.2,1.5,20.7,0.176,68.6,22.4,121
407,2023-02-11,Belo Horizonte,41.7,76.5,52.0,14.7,80.7,1.56,29.0,0.324,57.9,22.9,181
408,2023-02-12,Belo Horizonte,44.9,67.6,57.2,15.1,107.1,2.02,21.6,0.273,41.4,37.1,154
409,2023-02-13,Rio de Janeiro,52.0,41.9,19.1,7.8,90.5,2.05,29.2,0.442,40.0,20.3,146
410,2023-02-14,Porto Alegre,62.8,16.0,36.1,9.6,78.4,1.94,35.8,0.281,83.1,23.2,158
411,2023-02-15,Rio de Janeiro,46.4,47.3,52.7,11.9,49.9,0.72,14.0,0.486,70.8,28.4,182
412,2023-02-16,Porto Alegre,34.7,27.2,17.8,14.7,92.4,1.32,12.6,0.247,49.7,14.3,143
413,2023-02-17,Belo Horizonte,14.2,30.8,49.9,4.2,111.5,0.5,20.7,0.389,53.0,18.1,88
414,2023-02-18,Belo Horizonte,56.6,56.5,33.6,6.5,68.5,1.42,31.4,0.464,72.2,36.0,166
415,2023-02-19,Rio de Janeiro,47.0,31.1,32.4,13.7,99.6,1.09,21.7,0.137,46.6,33.2,168
416,2023-02-20,Rio de Janeiro,9.4,41.8,57.9,15.3,27.2,2.24,23.5,0.203,73.9,33.8,154
417,2023-02-21,Porto Alegre,5.0,40.8,30.4,5.3,37.1,0.86,10.5,0.155,86.8,18.9,64
418,2023-02-22,Belo Horizonte,66.1,44.7,18.9,10.3,103.7,0.71,36.3,0.489,78.0,25.2,160
419,2023-02-23,Porto Alegre,55.3,51.1,25.3,11.0,96.1,0.66,28.5,0.429,85.7,27.2,147
420,2023-02-24,Belo Horizonte,61.1,55.9,47.3,3.3,28.6,1.1,22.5,0.119,81.3,22.9,175
421,2023-02-25,Belo Horizonte,14.6,20.7,42.3,13.1,58.3,1.93,30.0,0.414,83.0,36.3,141
422,2023-02-26,Porto Alegre,5.7,30.9,56.5,7.3,111.0,1.16,34.4,0.321,43.4,15.0,100
423,2023-02-27,Porto Alegre,38.6,31.1,17.0,16.1,93.7,1.56,36.4,0.459,76.4,16.6,119
424,2023-02-28,Belo Horizonte,24.4,77.2,42.2,5.3,20.0,1.3,32.7,0.333,80.0,27.1,109
425,2023-03-01,Belo Horizonte,40.9,40.8,30.0,8.6,32.7,2.64,12.8,0.286,41.1,30.7,119
426,2023-03-02,Porto Alegre,55.7,29.7,52.6,10.3,69.4,0.46,37.3,0.336,63.2,23.3,192
427,2023-03-03,Belo Horizonte,27.0,27.1,15.1,16.5,88.3,2.92,20.3,0.242,58.2,27.1,105
428,2023-03-04,Belo Horizonte,62.1,51.5,10.9,6.9,117.5,2.68,26.3,0.488,54.9,25.5,131
429,2023-03-05,Belo Horizonte,37.5,42.1,43.7,7.2,77.8,2.27,33.5,0.439,84.4,21.6,131
430,2023-03-06,Belo Horizonte,19.1,60.4,19.3,16.8,84.3,1.65,14.8,0.384,65.4,35.2,89
431,2023-03-07,Belo Horizonte,45.1,49.6,49.8,15.5,70.9,2.64,14.6,0.22,46.8,23.3,165
432,2023-03-08,Belo Horizonte,48.7,18.8,49.9,13.4,100.4,1.82,27.4,0.497,85.9,35.6,162
433,2023-03-09,Belo Horizonte,31.8,31.9,14.1,19.7,38.9,1.89,27.5,0.352,64.7,21.2,134
434,2023-03-10,Rio de Janeiro,67.2,28.9,59.1,6.1,68.7,0.42,14.4,0.154,46.7,33.8,185
435,2023-03-11,Rio de Janeiro,22.8,10.1,21.5,13.6,88.1,1.67,38.8,0.271,63.0,32.5,116
436,2023-03-12,Porto Alegre,37.7,18.4,51.1,14.5,28.2,1.4,19.7,0.207,57.3,25.4,148
437,2023-03-13,Rio de Janeiro,25.7,19.8,55.9,13.7,118.8,1.66,34.5,0.156,77.1,29.7,136
438,2023-03-14,Rio de Janeiro,19.6,79.3,55.4,15.7,95.6,2.31,37.2,0.442,81.7,31.8,165
439,2023-03-15,Belo Horizonte,47.3,56.6,58.4,17.6,118.2,1.52,37.1,0.335,63.1,28.3,210
440,2023-03-16,Rio de Janeiro,22.4,22.4,13.7,18.0,27.2,2.28,28.3,0.473,59.6,18.6,137
441,2023-03-17,Rio de Janeiro,32.4,11.2,27.2,18.4,94.1,2.39,32.1,0.426,81.9,21.0,156
442,2023-03-18,Belo Horizonte,9.2,79.4,16.6,18.7,108.5,1.46,11.0,0.287,56.1,34.2,104
443,2023-03-19,Rio de Janeiro,8.5,85.7,21.6,7.3,48.0,1.69,29.4,0.466,83.2,28.0,79
444,2023-03-20,Belo Horizonte,61.3,72.5,30.8,8.1,26.2,0.73,13.5,0.484,62.5,29.3,173
445,2023-03-21,Rio de Janeiro,35.1,72.8,48.3,3.9,105.8,1.54,13.1,0.33,82.8,19.9,165
446,2023-03-22,Porto Alegre,11.6,66.8,39.8,9.0,29.8,0.43,36.1,0.441,78.0,25.0,125
447,2023-03-23,Porto Alegre,24.5,88.2,54.8,5.3,118.0,2.74,29.0,0.142,63.5,15.4,116
448,2023-03-24,Belo Horizonte,62.2,87.2,41.6,11.2,63.1,2.65,30.0,0.286,86.4,33.6,168
449,2023-03-25,Belo Horizonte,25.0,31.7,38.3,10.6,95.8,1.53,21.2,0.151,89.9,22.4,106
450,2023-03-26,Belo Horizonte,29.3,42.5,58.1,16.2,23.1,1.41,17.7,0.479,77.9,27.6,146
451,2023-03-27,Porto Alegre,31.6,13.8,59.0,12.5,40.8,1.46,25.8,0.2,45.8,19.4,172
452,2023-03-28,Belo Horizonte,16.6,16.0,36.6,7.1,116.8,1.0,29.7,0.49,88.0,21.1,81
453,2023-03-29,Belo Horizonte,53.5,67.9,14.2,14.5,27.2,2.55,22.9,0.441,57.1,32.8,143
454,2023-03-30,Porto Alegre,33.7,22.0,15.4,9.4,77.4,1.21,25.7,0.245,70.7,9.5,143
455,2023-03-31,Porto Alegre,14.7,44.1,24.9,4.2,33.9,2.49,15.0,0.171,88.5,19.7,96
456,2023-04-01,Rio de Janeiro,41.3,78.7,12.7,18.1,103.4,1.28,15.0,0.277,75.6,27.3,168
457,2023-04-02,Porto Alegre,46.8,79.1,36.3,13.7,41.0,2.59,12.7,0.178,81.8,11.8,150
458,2023-04-03,Belo Horizonte,60.6,76.4,31.3,17.2,24.2,2.22,16.3,0.229,63.0,30.0,201
459,2023-04-04,Rio de Janeiro,47.8,73.8,54.3,12.9,77.1,0.52,35.0,0.481,72.3,24.3,203
460,2023-04-05,Porto Alegre,58.5,60.9,44.4,16.2,119.3,2.33,34.5,0.112,63.2,17.2,162
461,2023-04-06,Belo Horizonte,13.1,48.4,20.0,10.8,74.9,2.28,18.4,0.29,93.2,31.7,123
462,2023-04-07,Belo Horizonte,8.6,49.3,20.0,16.2,57.4,1.63,21.2,0.378,45.0,20.2,67
463,2023-04-08,Rio de Janeiro,5.1,64.8,21.4,6.6,104.9,1.92,34.1,0.111,74.7,32.1,83
464,2023-04-09,Porto Alegre,48.8,29.1,36.9,14.8,46.5,0.85,25.4,0.304,48.5,8.5,175
465,2023-04-10,Rio de Janeiro,46.7,15.4,11.1,16.3,57.6,2.77,19.8,0.367,60.2,34.6,146
466,2023-04-11,Rio de Janeiro,32.0,80.7,16.9,17.0,40.9,2.73,33.4,0.312,83.5,18.3,140
467,2023-04-12,Rio de Janeiro,26.2,21.9,43.3,17.5,21.9,1.93,15.1,0.176,74.4,32.7,159
468,2023-04-13,Belo Horizonte,9.0,61.9,52.6,20.0,82.5,1.24,36.4,0.248,64.8,23.6,109
469,2023-04-14,Belo Horizonte,29.4,69.4,56.7,11.6,57.1,0.82,39.3,0.288,94.7,18.7,179
470,2023-04-15,Rio de Janeiro,22.2,73.7,50.5,8.6,57.6,0.6,28.2,0.439,94.0,23.2,117
471,2023-04-16,Belo Horizonte,58.3,31.1,53.3,13.5,109.6,1.52,38.6,0.403,45.6,26.5,213
472,2023-04-17,Porto Alegre,38.9,45.4,41.9,8.9,83.5,0.58,11.9,0.333,51.6,23.2,148
473,2023-04-18,Porto Alegre,46.2,52.2,33.8,17.4,63.1,2.48,12.0,0.422,79.0,15.0,141
474,2023-04-19,Belo Horizonte,32.5,73.4,22.7,6.9,110.0,0.91,11.5,0.377,83.0,23.7,136
475,2023-04-20,Belo Horizonte,39.1,63.2,28.6,12.0,36.3,1.49,15.1,0.196,75.0,19.5,155
476,2023-04-21,Porto Alegre,9.1,64.0,23.5,17.3,45.4,2.34,28.7,0.46,83.0,23.1,99
477,2023-04-22,Porto Alegre,62.1,53.2,56.5,7.0,29.7,2.35,34.8,0.273,83.7,18.6,202
478,2023-04-23,Rio de Janeiro,35.6,64.6,17.0,11.3,76.4,2.97,23.0,0.387,60.9,35.5,99
479,2023-04-24,Porto Alegre,44.3,81.7,42.2,14.0,107.4,1.59,29.9,0.406,48.4,24.5,136
480,2023-04-25,Belo Horizonte,8.9,71.4,49.6,4.9,30.9,1.08,18.0,0.421,48.9,22.8,91
481,2023-04-26,Rio de Janeiro,32.8,30.8,30.9,15.4,79.0,1.62,39.2,0.124,88.1,23.3,113
482,2023-04-27,Rio de Janeiro,39.6,63.5,20.6,19.1,85.8,2.44,21.0,0.283,70.1,32.3,159
483,2023-04-28,Rio de Janeiro,30.1,55.9,28.0,3.5,88.9,2.02,19.9,0.332,50.8,37.5,94
484,2023-04-29,Rio de Janeiro,21.6,31.8,43.4,19.1,89.4,1.71,22.8,0.299,81.8,32.3,126
485,2023-04-30,Porto Alegre,29.3,38.8,57.8,10.8,111.4,0.6,12.9,0.144,46.0,26.2,154
486,2023-05-01,Rio de Janeiro,25.3,19.5,30.3,13.8,83.6,1.65,39.5,0.277,83.9,37.6,117
487,2023-05-02,Porto Alegre,35.6,78.3,21.8,16.0,48.6,2.14,30.1,0.373,52.6,14.1,143
488,2023-05-03,Belo Horizonte,38.6,31.0,33.1,17.5,49.4,1.55,19.6,0.43,85.0,23.5,168
489,2023-05-04,Belo Horizonte,31.5,23.9,52.3,11.3,103.0,2.01,24.1,0.383,63.5,33.9,135
490,2023-05-05,Rio de Janeiro,30.2,74.0,19.6,11.7,65.0,2.52,38.4,0.199,62.6,24.9,148
491,2023-05-06,Rio de Janeiro,58.9,83.5,56.1,6.2,73.6,1.83,19.5,0.191,40.9,29.2,172
492,2023-05-07,Belo Horizonte,64.4,73.7,26.4,18.2,89.0,0.87,23.4,0.498,69.7,32.6,169
493,2023-05-08,Belo Horizonte,51.6,62.9,36.8,15.7,90.4,0.9,27.8,0.197,88.9,20.1,173
494,2023-05-09,Rio de Janeiro,21.6,88.7,13.1,9.8,91.9,2.15,11.4,0.245,47.2,34.3,118
495,2023-05-10,Porto Alegre,8.8,48.0,30.3,13.9,104.1,2.16,30.4,0.351,92.7,13.7,102
496,2023-05-11,Rio de Janeiro,59.9,31.3,13.8,13.6,87.0,2.61,22.3,0.377,69.8,37.8,163
497,2023-05-12,Belo Horizonte,49.9,58.3,52.0,4.2,78.3,2.24,31.8,0.248,50.1,34.7,164
498,2023-05-13,Rio de Janeiro,53.4,66.3,46.5,6.2,37.0,1.96,10.9,0.171,56.2,31.7,199
499,2023-05-14,Rio de Janeiro,64.5,40.9,15.9,19.7,108.2,2.67,18.5,0.126,42.2,19.7,177
500,2023-05-15,Belo Horizonte,55.8,55.5,19.0,7.9,99.6,1.31,26.2,0.244,85.7,33.9,129
501,2023-05-16,Belo Horizonte,14.1,68.3,53.5,13.2,114.8,2.81,37.4,0.293,60.6,22.7,145
502,2023-05-17,Porto Alegre,21.1,45.9,25.8,3.1,37.1,0.99,14.9,0.327,63.6,8.5,133
503,2023-05-18,Rio de Janeiro,62.2,52.1,54.0,8.9,55.3,1.47,10.1,0.335,92.3,25.5,187
504,2023-05-19,Belo Horizonte,54.9,49.2,53.4,6.0,28.8,1.57,16.3,0.114,71.4,21.8,153
505,2023-05-20,Porto Alegre,65.1,86.5,22.7,14.3,102.5,0.56,10.5,0.295,70.8,23.8,171
506,2023-05-21,Porto Alegre,67.1,46.4,46.5,19.5,26.3,0.99,31.3,0.388,50.5,12.4,200
507,2023-05-22,Belo Horizonte,11.5,54.5,10.7,17.1,50.9,0.56,35.0,0.154,75.1,19.8,102
508,2023-05-23,Porto Alegre,15.6,21.2,11.7,8.1,102.7,1.83,34.0,0.26,67.2,12.2,117
509,2023-05-24,Belo Horizonte,27.1,18.9,44.4,2.6,21.6,1.22,38.0,0.42,79.5,18.2,120
510,2023-05-25,Belo Horizonte,11.3,78.9,24.8,15.0,98.8,1.79,13.7,0.112,52.0,19.1,119
511,2023-05-26,Belo Horizonte,43.5,32.4,22.8,19.9,72.9,1.53,21.5,0.278,64.8,26.7,156
512,2023-05-27,Porto Alegre,45.7,41.1,15.1,13.6,45.8,1.19,13.2,0.102,92.9,15.1,118
513,2023-05-28,Rio de Janeiro,44.5,35.5,40.2,11.9,41.4,0.87,10.9,0.332,61.0,33.2,159
514,2023-05-29,Porto Alegre,29.2,45.0,37.4,13.6,54.7,2.1,10.3,0.155,43.6,15.5,130
515,2023-05-30,Porto Alegre,7.3,68.6,59.8,8.5,37.4,2.4,18.1,0.448,53.5,24.9,135
516,2023-05-31,Porto Alegre,21.0,41.6,35.0,11.9,72.8,2.2,25.2,0.394,66.1,8.2,97
517,2023-06-01,Porto Alegre,34.1,85.2,22.4,9.6,47.6,2.74,19.2,0.312,64.6,12.5,142
518,2023-06-02,Belo Horizonte,48.6,33.8,43.2,3.1,112.2,0.74,14.5,0.283,45.1,20.8,136
519,2023-06-03,Belo Horizonte,21.6,63.3,26.9,2.2,96.3,0.45,21.8,0.304,51.9,25.6,96
520,2023-06-04,Belo Horizonte,33.1,43.8,23.3,9.9,102.7,2.6,11.6,0.376,59.2,31.4,143
521,2023-06-05,Rio de Janeiro,66.4,47.4,46.9,11.5,53.5,0.59,37.3,0.453,48.1,30.8,198
522,2023-06-06,Rio de Janeiro,59.6,76.0,35.6,5.5,55.9,1.19,22.9,0.128,65.8,33.9,191
523,2023-06-07,Belo Horizonte,6.9,63.7,42.6,14.2,106.5,0.69,39.5,0.274,45.9,20.4,117
524,2023-06-08,Rio de Janeiro,10.5,21.7,32.9,5.2,72.3,1.06,13.3,0.471,65.7,31.1,75
525,2023-06-09,Porto Alegre,59.2,31.3,47.8,10.2,28.6,2.91,20.3,0.474,46.2,16.7,190
526,2023-06-10,Porto Alegre,57.7,42.1,55.2,3.2,48.5,1.92,22.9,0.358,61.4,23.3,200
527,2023-06-11,Belo Horizonte,42.4,36.6,56.3,2.8,27.8,0.44,11.2,0.339,89.5,36.6,131
528,2023-06-12,Porto Alegre,68.6,62.9,17.9,6.8,111.7,0.36,13.5,0.408,75.3,13.7,203
529,2023-06-13,Porto Alegre,29.1,71.3,40.5,3.5,24.7,2.92,36.8,0.342,48.3,24.3,153
530,2023-06-14,Belo Horizonte,13.9,71.6,36.8,12.9,89.3,2.83,33.2,0.224,65.0,37.5,112
531,2023-06-15,Rio de Janeiro,30.3,31.6,15.4,4.5,101.0,0.44,18.5,0.226,51.6,23.4,140
532,2023-06-16,Belo Horizonte,8.6,73.4,51.9,9.8,79.7,0.44,13.9,0.494,87.7,29.7,106
533,2023-06-17,Rio de Janeiro,37.4,46.5,30.6,6.3,113.7,1.37,12.4,0.275,56.3,36.7,123
534,2023-06-18,Rio de Janeiro,27.4,15.3,21.7,5.7,70.3,2.35,27.2,0.412,71.1,20.3,125
535,2023-06-19,Rio de Janeiro,57.7,47.0,33.0,3.1,78.0,2.53,11.8,0.251,72.2,35.8,189
536,2023-06-20,Porto Alegre,68.9,66.1,15.3,4.8,79.1,0.72,22.9,0.215,74.6,18.3,175
537,2023-06-21,Porto Alegre,23.7,42.8,35.6,19.2,32.4,2.37,24.4,0.406,76.9,23.1,137
538,2023-06-22,Rio de Janeiro,67.8,70.0,50.2,13.4,42.4,1.61,32.3,0.265,58.9,18.8,214
539,2023-06-23,Porto Alegre,42.6,89.7,20.8,12.7,61.7,2.85,36.2,0.432,80.7,11.6,154
540,2023-06-24,Belo Horizonte,18.9,37.5,33.2,16.0,105.2,0.5,19.3,0.447,65.4,32.3,133
541,2023-06-25,Belo Horizonte,15.7,36.3,20.1,10.9,104.2,2.99,24.2,0.244,51.9,33.7,118
542,2023-06-26,Belo Horizonte,37.0,18.1,51.7,10.7,47.1,1.2,19.2,0.159,69.4,37.3,154
543,2023-06-27,Belo Horizonte,30.1,52.5,49.2,15.2,110.8,1.87,30.8,0.204,50.7,26.5,150
544,2023-06-28,Rio de Janeiro,23.5,86.4,46.5,15.4,46.2,1.0,37.1,0.433,68.7,26.2,155
545,2023-06-29,Belo Horizonte,67.5,73.9,47.5,9.6,76.1,2.5,33.1,0.478,41.0,21.7,185
546,2023-06-30,Porto Alegre,48.9,66.2,52.4,6.2,101.9,2.15,28.5,0.239,70.9,23.5,194
547,2023-07-01,Porto Alegre,16.0,49.1,36.5,14.5,59.8,1.65,16.9,0.145,63.2,25.4,141
548,2023-07-02,Belo Horizonte,25.2,14.8,41.5,6.2,77.9,2.13,35.9,0.296,66.6,25.5,142
549,2023-07-03,Belo Horizonte,40.3,67.5,14.9,14.0,83.5,2.24,10.3,0.375,74.1,19.6,160
550,2023-07-04,Belo Horizonte,59.2,82.8,31.3,6.9,60.3,2.05,19.5,0.209,81.2,23.2,148
551,2023-07-05,Belo Horizonte,54.6,69.8,21.2,5.5,59.7,2.7,34.6,0.145,91.7,18.6,141
552,2023-07-06,Rio de Janeiro,46.4,54.3,45.4,19.6,63.9,0.97,15.4,0.347,75.8,18.7,147
553,2023-07-07,Porto Alegre,27.8,28.5,14.9,12.7,41.3,1.07,12.3,0.405,86.5,11.7,139
554,2023-07-08,Belo Horizonte,6.3,10.8,16.2,19.8,24.6,2.98,10.0,0.4,58.8,35.0,75
555,2023-07-09,Belo Horizonte,36.0,80.4,49.2,12.4,86.7,1.47,33.5,0.12,41.5,21.9,164
556,2023-07-10,Belo Horizonte,40.5,51.6,11.8,6.0,116.7,1.08,31.6,0.156,69.4,21.0,117
557,2023-07-11,Porto Alegre,50.8,21.6,41.3,19.6,34.3,2.45,16.9,0.45,83.9,14.4,148
558,2023-07-12,Belo Horizonte,32.1,46.7,11.4,3.4,38.5,2.73,10.1,0.278,57.6,32.4,83
559,2023-07-13,Belo Horizonte,7.4,88.5,39.2,9.3,44.0,2.21,26.6,0.467,87.2,30.5,76
560,2023-07-14,Rio de Janeiro,69.7,36.1,34.4,6.1,88.5,1.57,17.1,0.153,77.8,30.7,187
561,2023-07-15,Belo Horizonte,29.0,78.3,22.6,10.4,56.4,2.34,18.8,0.279,51.5,33.9,122
562,2023-07-16,Porto Alegre,32.5,77.5,46.6,11.4,112.3,1.97,19.4,0.137,86.5,13.1,136
563,2023-07-17,Porto Alegre,5.1,79.7,53.4,16.4,78.4,0.79,35.9,0.452,89.5,25.6,104
564,2023-07-18,Porto Alegre,49.3,10.3,27.4,6.4,76.9,2.7,16.1,0.271,73.3,19.1,138
565,2023-07-19,Rio de Janeiro,45.6,21.7,14.4,8.5,119.1,0.76,34.7,0.271,57.4,28.0,161
566,2023-07-20,Belo Horizonte,46.5,39.6,30.5,6.4,62.4,0.9,24.7,0.45,72.7,37.7,131
567,2023-07-21,Rio de Janeiro,54.5,37.8,15.0,5.9,64.5,0.92,36.6,0.356,45.8,24.4,161
568,2023-07-22,Rio de Janeiro,16.7,59.5,29.4,10.2,87.9,1.64,34.1,0.428,74.6,31.6,100
569,2023-07-23,Porto Alegre,20.6,21.5,49.8,12.4,53.0,0.47,33.7,0.252,41.5,16.8,118
570,2023-07-24,Porto Alegre,27.6,23.1,25.5,18.9,65.7,1.37,18.4,0.487,64.3,20.9,140
571,2023-07-25,Rio de Janeiro,58.1,73.7,24.1,16.8,117.8,1.76,25.9,0.179,87.0,35.9,184
572,2023-07-26,Rio de Janeiro,16.9,72.6,19.7,5.4,91.9,1.57,10.1,0.497,84.3,28.9,88
573,2023-07-27,Rio de Janeiro,61.0,21.4,30.0,4.0,114.2,0.55,36.0,0.37,60.1,27.8,141
574,2023-07-28,Belo Horizonte,61.5,25.8,36.4,17.7,108.0,2.76,13.2,0.454,78.4,30.2,214
575,2023-07-29,Rio de Janeiro,8.0,80.6,53.5,4.1,83.2,1.23,19.9,0.255,52.7,21.3,118
576,2023-07-30,Belo Horizonte,38.8,73.6,23.1,6.0,98.3,1.05,32.1,0.408,85.8,30.7,155
577,2023-07-31,Rio de Janeiro,7.3,26.3,23.2,17.2,72.8,0.53,24.8,0.421,54.9,24.6,83
578,2023-08-01,Rio de Janeiro,32.1,88.1,57.6,7.1,70.9,1.61,13.2,0.112,56.1,37.4,127
579,2023-08-02,Belo Horizonte,63.7,76.7,21.7,7.6,40.5,1.4,33.4,0.271,86.2,33.9,169
580,2023-08-03,Rio de Janeiro,50.1,73.8,10.7,7.5,37.4,1.91,26.9,0.339,45.4,38.0,155
581,2023-08-04,Belo Horizonte,68.8,20.7,17.6,2.4,49.4,1.98,13.6,0.487,65.1,33.2,153
582,2023-08-05,Belo Horizonte,58.6,36.8,48.5,7.4,46.8,2.12,35.6,0.197,45.1,35.5,186
583,2023-08-06,Rio de Janeiro,30.5,65.3,36.6,5.8,107.3,2.56,15.7,0.232,94.2,27.2,148
584,2023-08-07,Rio de Janeiro,57.9,52.7,42.2,2.7,103.4,1.74,33.1,0.368,63.8,19.9,201
585,2023-08-08,Porto Alegre,13.3,53.9,31.5,11.6,58.2,0.35,36.5,0.303,48.0,27.5,104
586,2023-08-09,Belo Horizonte,32.3,12.2,53.7,19.9,115.1,2.86,38.8,0.275,55.5,25.9,145
587,2023-08-10,Porto Alegre,25.3,71.6,59.8,16.6,56.1,0.86,22.3,0.377,78.8,27.0,157
588,2023-08-11,Rio de Janeiro,59.8,90.0,52.8,2.6,86.4,2.81,14.0,0.193,71.3,31.6,185
589,2023-08-12,Porto Alegre,35.4,87.7,56.5,7.0,115.1,2.02,11.4,0.308,59.7,22.5,125
590,2023-08-13,Rio de Janeiro,55.3,28.6,12.2,2.2,106.6,1.15,24.3,0.464,76.3,31.0,115
591,2023-08-14,Porto Alegre,67.9,23.8,31.1,17.5,100.0,2.19,38.5,0.236,63.6,19.5,195
592,2023-08-15,Belo Horizonte,23.8,16.0,59.7,7.7,70.6,0.9,37.1,0.155,64.8,33.6,128
593,2023-08-16,Porto Alegre,50.7,53.6,22.2,15.5,90.8,0.75,20.2,0.466,73.4,12.7,153
594,2023-08-17,Porto Alegre,22.4,81.3,21.5,3.8,32.5,2.29,38.2,0.424,54.5,18.7,87
595,2023-08-18,Belo Horizonte,9.8,59.6,15.3,3.0,119.3,2.54,21.0,0.178,66.2,37.3,97
596,2023-08-19,Belo Horizonte,60.6,77.2,15.0,16.8,67.8,1.13,39.8,0.43,62.2,21.8,190
597,2023-08-20,Rio de Janeiro,18.0,73.7,11.6,7.8,61.9,1.77,19.1,0.283,90.9,24.9,107
598,2023-08-21,Porto Alegre,23.3,31.5,31.2,4.1,45.2,2.57,27.3,0.307,52.6,12.5,85
599,2023-08-22,Rio de Janeiro,39.0,55.0,39.2,10.9,109.4,2.56,39.4,0.244,67.2,19.4,132
600,2023-08-23,Porto Alegre,39.9,88.0,11.3,6.3,100.3,2.03,30.2,0.359,50.0,11.8,145
601,2023-08-24,Belo Horizonte,5.9,10.1,38.0,10.3,74.8,1.94,34.7,0.121,43.1,19.0,111
602,2023-08-25,Belo Horizonte,48.0,73.7,41.1,3.1,89.0,1.41,14.5,0.419,40.4,28.7,155
603,2023-08-26,Belo Horizonte,40.1,31.9,52.7,12.8,98.6,0.44,37.6,0.358,90.8,37.7,166
604,2023-08-27,Belo Horizonte,40.0,22.2,25.1,8.7,107.6,0.93,35.3,0.206,56.5,35.2,115
605,2023-08-28,Rio de Janeiro,56.3,53.0,30.4,18.3,86.8,1.16,21.0,0.252,78.1,22.2,153
606,2023-08-29,Porto Alegre,14.1,51.9,55.0,17.7,24.2,0.37,26.2,0.101,43.2,19.0,119
607,2023-08-30,Belo Horizonte,44.1,59.6,57.0,2.8,113.4,2.08,18.5,0.17,67.2,37.6,141
608,2023-08-31,Belo Horizonte,11.3,39.8,41.1,5.1,115.3,0.59,13.7,0.326,77.5,33.7,76
609,2023-09-01,Rio de Janeiro,35.1,60.3,55.4,9.7,110.8,2.95,34.6,0.283,82.9,27.1,130
610,2023-09-02,Porto Alegre,53.6,61.0,37.9,11.3,65.1,2.1,32.5,0.295,73.4,19.9,164
611,2023-09-03,Belo Horizonte,45.6,76.3,34.5,4.7,65.3,0.36,15.5,0.35,81.3,35.9,174
612,2023-09-04,Porto Alegre,48.2,81.2,46.8,16.3,83.5,1.37,25.5,0.11,67.5,21.5,167
613,2023-09-05,Rio de Janeiro,46.2,79.7,46.4,13.0,94.4,1.41,33.7,0.354,90.2,20.2,178
614,2023-09-06,Porto Alegre,42.2,82.1,10.7,4.1,98.1,2.57,10.3,0.265,64.1,12.7,143
615,2023-09-07,Belo Horizonte,36.9,75.3,14.0,12.5,88.5,0.52,29.9,0.463,50.3,18.3,112
616,2023-09-08,Rio de Janeiro,61.0,35.0,14.1,17.1,35.5,1.44,11.5,0.377,59.5,25.3,168
617,2023-09-09,Porto Alegre,32.4,47.5,26.1,2.3,119.3,2.7,37.9,0.414,40.9,25.6,97
618,2023-09-10,Rio de Janeiro,60.6,11.7,46.5,3.2,100.1,0.88,36.3,0.266,46.2,20.3,187
619,2023-09-11,Rio de Janeiro,10.8,60.3,41.4,3.9,78.1,1.03,11.2,0.302,43.9,30.4,129
620,2023-09-12,Rio de Janeiro,52.8,82.5,56.5,9.9,78.3,0.82,10.3,0.326,45.6,23.9,207
621,2023-09-13,Porto Alegre,61.9,82.6,25.0,3.9,98.5,0.74,24.4,0.419,44.6,8.4,167
622,2023-09-14,Rio de Janeiro,53.4,27.7,49.7,13.6,106.0,0.74,33.8,0.408,55.6,30.6,160
623,2023-09-15,Belo Horizonte,67.6,11.5,46.4,16.3,34.1,2.41,24.0,0.425,76.6,35.2,196
624,2023-09-16,Porto Alegre,19.4,27.7,43.2,11.2,52.8,2.4,21.5,0.215,80.9,26.8,142
625,2023-09-17,Rio de Janeiro,8.4,65.8,44.2,15.2,60.5,1.23,20.4,0.402,66.3,26.1,137
626,2023-09-18,Rio de Janeiro,60.9,74.9,44.3,8.7,24.0,0.35,11.7,0.487,87.0,30.5,214
627,2023-09-19,Rio de Janeiro,27.2,67.0,21.5,6.3,51.4,1.69,37.3,0.188,60.2,36.7,98
628,2023-09-20,Belo Horizonte,15.8,19.7,43.5,13.7,87.9,2.23,15.9,0.151,42.6,35.9,127
629,2023-09-21,Belo Horizonte,40.2,17.0,35.1,11.6,34.0,2.03,32.2,0.26,90.5,28.4,136
630,2023-09-22,Belo Horizonte,45.4,51.8,30.4,18.1,60.2,0.37,17.7,0.411,72.1,22.0,163
631,2023-09-23,Porto Alegre,62.2,64.5,36.6,7.1,37.9,1.49,25.4,0.413,71.3,27.5,173
632,2023-09-24,Belo Horizonte,20.8,59.6,40.5,4.0,97.2,2.95,26.4,0.209,50.1,26.7,93
633,2023-09-25,Porto Alegre,34.2,26.9,45.1,7.9,90.2,1.69,19.4,0.213,93.7,17.2,123
634,2023-09-26,Rio de Janeiro,33.6,13.0,12.3,2.1,37.9,0.51,16.5,0.401,61.4,27.0,118
635,2023-09-27,Porto Alegre,58.8,83.5,13.2,10.3,91.1,1.75,34.1,0.301,88.6,11.3,145
636,2023-09-28,Belo Horizonte,28.5,83.9,22.1,7.0,31.1,0.47,16.6,0.255,45.1,29.9,116
637,2023-09-29,Rio de Janeiro,66.6,67.5,12.0,8.1,64.1,2.5,36.7,0.364,78.3,20.5,165
638,2023-09-30,Porto Alegre,67.5,30.0,46.0,18.5,107.8,1.46,33.4,0.159,67.7,9.6,203
639,2023-10-01,Belo Horizonte,30.7,51.2,59.2,17.3,68.5,2.44,36.1,0.17,91.0,30.6,178
640,2023-10-02,Rio de Janeiro,68.8,59.8,18.5,13.2,111.6,2.68,12.1,0.361,62.5,33.5,195
641,2023-10-03,Rio de Janeiro,19.6,86.7,31.3,5.4,74.0,2.75,11.8,0.319,72.4,36.5,118
642,2023-10-04,Rio de Janeiro,11.7,82.7,36.2,18.6,26.6,2.32,31.4,0.26,91.6,24.0,111
643,2023-10-05,Rio de Janeiro,28.9,89.4,28.9,16.8,117.4,1.66,39.5,0.446,43.0,30.2,155
644,2023-10-06,Belo Horizonte,24.8,78.4,26.1,16.9,30.5,0.47,29.7,0.224,80.5,25.1,94
645,2023-10-07,Porto Alegre,35.1,74.5,56.2,14.4,98.6,0.5,33.5,0.46,76.9,10.9,185
646,2023-10-08,Rio de Janeiro,56.5,76.6,11.8,8.1,116.7,0.85,35.0,0.402,42.7,27.1,128
647,2023-10-09,Belo Horizonte,5.7,30.1,51.3,3.2,60.5,0.4,30.8,0.239,85.5,24.0,116
648,2023-10-10,Rio de Janeiro,14.2,80.6,59.4,3.0,51.1,1.19,31.9,0.315,82.8,29.4,144
649,2023-10-11,Porto Alegre,51.5,33.0,57.8,9.1,78.0,1.86,38.4,0.16,92.9,20.4,162
650,2023-10-12,Rio de Janeiro,32.4,80.1,33.5,8.7,34.4,1.64,34.9,0.143,63.9,30.3,158
651,2023-10-13,Belo Horizonte,54.9,41.9,29.6,13.4,22.6,2.07,28.6,0.164,46.5,27.4,142
652,2023-10-14,Rio de Janeiro,47.1,74.8,23.8,2.5,102.2,2.3,28.8,0.253,87.2,35.7,138
653,2023-10-15,Rio de Janeiro,55.0,77.5,23.8,2.7,113.5,0.43,30.8,0.363,71.8,34.9,144
654,2023-10-16,Rio de Janeiro,43.0,40.8,31.9,12.8,53.7,2.68,29.5,0.162,59.6,21.6,133
655,2023-10-17,Porto Alegre,10.0,57.5,10.4,12.7,65.3,2.11,38.2,0.417,87.0,15.2,83
656,2023-10-18,Porto Alegre,20.6,59.4,42.9,17.7,41.8,1.22,38.7,0.212,61.2,26.1,113
657,2023-10-19,Porto Alegre,41.4,24.8,51.5,5.7,27.7,0.34,12.0,0.118,71.2,8.6,137
658,2023-10-20,Belo Horizonte,56.1,27.4,36.9,14.8,104.0,0.72,17.8,0.173,49.7,24.8,161
659,2023-10-21,Porto Alegre,22.8,10.7,50.7,7.3,23.3,1.73,12.1,0.428,45.1,15.7,160
660,2023-10-22,Belo Horizonte,68.6,39.9,42.3,7.2,100.7,2.05,14.1,0.132,55.3,21.6,199
661,2023-10-23,Belo Horizonte,28.1,60.9,31.5,19.8,89.9,0.32,37.9,0.433,81.3,19.2,133
662,2023-10-24,Belo Horizonte,14.6,51.4,42.1,12.2,38.4,0.71,14.5,0.173,89.9,36.7,101
663,2023-10-25,Rio de Janeiro,25.5,66.1,53.7,2.4,35.3,2.24,11.8,0.352,80.0,25.0,113
664,2023-10-26,Belo Horizonte,18.8,78.3,13.1,14.8,86.0,2.29,25.4,0.104,89.9,26.5,95
665,2023-10-27,Rio de Janeiro,17.2,89.5,25.3,15.8,22.3,2.33,15.1,0.384,72.1,21.1,130
666,2023-10-28,Porto Alegre,51.3,66.0,36.8,13.8,93.3,2.05,13.7,0.263,61.3,24.0,176
667,2023-10-29,Rio de Janeiro,44.1,40.8,25.3,5.4,104.8,2.76,38.4,0.362,49.6,25.7,129
668,2023-10-30,Rio de Janeiro,61.9,76.8,27.9,4.7,99.5,0.76,12.5,0.164,63.1,34.8,188
669,2023-10-31,Porto Alegre,49.6,23.9,36.2,19.3,91.5,0.37,20.4,0.339,47.8,10.9,200
670,2023-11-01,Belo Horizonte,67.6,44.8,53.1,6.7,22.7,2.39,21.2,0.211,77.5,21.1,207
671,2023-11-02,Belo Horizonte,39.4,62.4,53.4,6.4,87.6,1.31,16.3,0.327,72.8,21.6,187
672,2023-11-03,Belo Horizonte,69.1,68.2,36.9,5.2,79.8,1.01,20.3,0.183,58.3,18.7,178
673,2023-11-04,Belo Horizonte,51.4,32.0,19.8,4.6,41.9,0.39,22.6,0.163,91.7,33.7,156
674,2023-11-05,Porto Alegre,21.3,46.5,38.4,11.7,62.4,2.37,39.1,0.444,77.0,18.8,129
675,2023-11-06,Belo Horizonte,42.1,85.4,51.7,3.5,50.6,1.78,12.4,0.137,40.5,27.7,142
676,2023-11-07,Porto Alegre,31.9,26.1,38.8,12.9,29.0,2.63,39.7,0.286,73.6,19.3,162
677,2023-11-08,Belo Horizonte,5.1,72.0,42.7,8.0,38.2,2.38,25.1,0.251,41.7,35.8,80
678,2023-11-09,Porto Alegre,7.4,85.8,49.2,18.0,41.7,0.9,11.9,0.228,65.2,10.8,141
679,2023-11-10,Porto Alegre,12.0,76.2,27.4,5.1,118.2,2.26,25.5,0.362,55.7,20.9,86
680,2023-11-11,Belo Horizonte,18.6,38.3,44.6,6.3,111.1,0.98,37.4,0.134,76.0,18.7,90
681,2023-11-12,Rio de Janeiro,59.4,81.4,56.2,9.1,23.2,2.32,21.1,0.173,91.7,24.8,178
682,2023-11-13,Porto Alegre,39.4,40.2,20.9,3.9,92.3,0.41,37.0,0.365,89.4,18.2,139
683,2023-11-14,Rio de Janeiro,22.7,32.6,46.4,19.8,75.8,1.17,23.0,0.245,68.4,20.7,158
684,2023-11-15,Porto Alegre,23.6,84.5,16.2,10.3,33.3,2.48,16.1,0.376,80.2,16.7,97
685,2023-11-16,Belo Horizonte,6.1,82.5,35.2,8.6,22.6,0.42,34.5,0.407,91.1,37.5,69
686,2023-11-17,Rio de Janeiro,5.1,24.5,23.4,5.6,49.8,1.72,29.4,0.257,45.9,28.2,77
687,2023-11-18,Rio de Janeiro,67.7,28.6,31.0,11.3,63.2,1.26,10.4,0.172,46.2,37.9,205
688,2023-11-19,Porto Alegre,37.7,52.5,26.2,19.5,71.8,1.01,30.3,0.147,47.2,8.2,135
689,2023-11-20,Rio de Janeiro,48.5,71.1,58.4,8.9,53.7,2.24,34.6,0.455,81.3,21.9,171
690,2023-11-21,Porto Alegre,47.2,74.6,43.1,4.1,85.8,1.8,26.3,0.279,69.7,17.3,135
691,2023-11-22,Belo Horizonte,15.2,23.3,28.5,5.3,114.0,1.78,22.4,0.477,81.4,34.6,77
692,2023-11-23,Porto Alegre,57.6,62.8,11.5,18.2,73.3,0.38,14.4,0.412,59.9,12.6,159
693,2023-11-24,Rio de Janeiro,10.0,35.4,48.0,3.8,23.5,2.33,17.1,0.37,66.9,25.1,106
694,2023-11-25,Belo Horizonte,38.1,88.5,28.4,14.0,84.6,1.1,34.0,0.239,81.3,18.1,143
695,2023-11-26,Belo Horizonte,33.1,30.3,21.1,13.7,37.6,2.42,33.9,0.493,44.9,37.4,144
696,2023-11-27,Porto Alegre,32.0,88.0,28.6,13.8,81.1,1.88,17.2,0.439,41.9,14.3,152
697,2023-11-28,Belo Horizonte,34.0,20.3,14.4,10.3,34.9,0.92,20.8,0.48,56.6,34.6,112
698,2023-11-29,Rio de Janeiro,47.8,83.4,60.0,11.5,94.6,1.71,26.1,0.325,84.7,37.4,203
699,2023-11-30,Rio de Janeiro,62.5,51.2,54.1,7.2,109.3,2.78,14.5,0.114,73.6,26.6,210
700,2023-12-01,Porto Alegre,13.7,53.1,59.3,9.8,118.4,2.41,33.2,0.172,73.6,16.1,105
701,2023-12-02,Rio de Janeiro,10.6,17.0,50.8,8.4,75.6,1.19,39.6,0.217,64.0,23.0,107
702,2023-12-03,Belo Horizonte,45.0,34.9,50.8,9.7,44.1,1.44,33.3,0.245,64.2,25.9,144
703,2023-12-04,Belo Horizonte,53.1,54.9,18.2,4.8,69.5,1.31,12.4,0.439,47.0,27.6,135
704,2023-12-05,Belo Horizonte,45.6,41.9,59.9,18.4,43.9,0.9,34.0,0.308,48.9,35.0,189
705,2023-12-06,Belo Horizonte,13.1,43.5,30.9,8.8,100.9,1.64,34.3,0.229,91.1,26.5,127
706,2023-12-07,Porto Alegre,9.5,65.3,31.2,3.6,89.0,1.55,32.9,0.328,61.3,23.0,83
707,2023-12-08,Porto Alegre,46.0,40.0,32.6,6.6,106.9,1.28,17.1,0.319,92.6,11.6,144
708,2023-12-09,Belo Horizonte,65.0,23.6,10.2,5.9,23.6,0.58,25.9,0.404,81.3,26.5,167
709,2023-12-10,Belo Horizonte,55.0,47.9,24.2,16.6,110.4,0.81,30.1,0.108,47.8,36.4,165
710,2023-12-11,Rio de Janeiro,5.2,51.6,40.4,7.7,85.5,2.72,13.7,0.153,91.9,31.9,122
711,2023-12-12,Porto Alegre,26.2,79.1,17.9,19.8,69.6,2.43,36.5,0.29,57.5,25.3,136
712,2023-12-13,Porto Alegre,7.3,58.5,33.6,17.1,33.3,1.39,33.1,0.433,87.1,18.0,108
713,2023-12-14,Belo Horizonte,30.0,75.9,14.4,11.3,66.1,0.67,29.9,0.198,94.1,35.6,130
714,2023-12-15,Belo Horizonte,50.1,79.5,24.3,11.8,98.7,2.18,36.3,0.332,92.9,36.4,184
715,2023-12-16,Rio de Janeiro,46.9,63.7,35.0,13.5,56.5,2.21,39.8,0.288,52.4,37.9,169
716,2023-12-17,Rio de Janeiro,65.3,29.5,28.2,14.2,95.0,1.99,28.6,0.19,74.6,19.9,176
717,2023-12-18,Belo Horizonte,15.5,32.5,45.5,17.5,110.3,1.0,14.0,0.454,68.1,23.1,151
718,2023-12-19,Rio de Janeiro,6.9,74.2,58.2,18.3,44.2,1.57,21.6,0.256,53.4,21.0,110
719,2023-12-20,Porto Alegre,49.0,70.9,27.8,16.6,71.5,1.57,30.9,0.16,43.1,16.4,161
720,2023-12-21,Belo Horizonte,53.4,13.4,57.9,6.3,89.0,1.71,16.1,0.175,67.3,24.5,177
721,2023-12-22,Rio de Janeiro,23.3,20.0,18.2,15.7,67.6,1.64,10.9,0.15,88.5,20.8,93
722,2023-12-23,Belo Horizonte,18.6,87.2,59.4,15.1,67.9,2.64,10.3,0.376,58.8,36.6,142
723,2023-12-24,Belo Horizonte,37.7,86.4,53.4,19.8,71.2,1.82,28.7,0.103,69.5,26.0,170
724,2023-12-25,Belo Horizonte,10.3,82.3,54.0,8.1,98.6,2.73,17.5,0.366,61.7,37.0,92
725,2023-12-26,Belo Horizonte,51.4,62.3,38.4,8.4,20.2,2.88,24.4,0.301,77.4,29.1,148
726,2023-12-27,Porto Alegre,24.6,53.6,21.3,10.7,114.2,1.35,29.7,0.338,70.7,23.7,117
727,2023-12-28,Rio de Janeiro,55.2,82.5,39.7,9.2,85.7,1.24,34.0,0.263,74.7,35.3,194
728,2023-12-29,Belo Horizonte,64.2,69.0,57.1,6.0,105.6,1.01,14.8,0.414,80.5,37.6,211
729,2023-12-30,Belo Horizonte,20.1,29.5,23.1,6.4,79.3,2.36,26.6,0.396,67.6,19.1,116
730,2023-12-31,Rio de Janeiro,12.5,33.3,17.5,12.0,103.6,0.55,38.3,0.471,42.8,33.9,87
731,2024-01-01,Rio de Janeiro,18.8,21.9,52.2,9.3,21.6,1.72,22.7,0.111,63.4,28.0,146
732,2024-01-02,Belo Horizonte,56.7,51.1,36.3,6.6,95.8,2.11,16.7,0.481,71.3,36.6,177
733,2024-01-03,Rio de Janeiro,24.4,32.6,49.9,12.0,118.9,2.68,21.7,0.109,52.1,26.3,110
734,2024-01-04,Belo Horizonte,47.1,30.1,15.0,18.1,118.3,1.35,17.0,0.482,88.0,26.5,158
735,2024-01-05,Porto Alegre,63.1,10.9,14.7,5.9,111.6,0.82,25.0,0.299,55.6,19.9,132
736,2024-01-06,Porto Alegre,38.2,61.7,45.3,9.0,27.7,1.62,36.9,0.114,46.9,10.5,174
737,2024-01-07,Rio de Janeiro,22.5,82.4,29.9,15.0,47.0,0.35,31.9,0.22,80.6,36.6,118
738,2024-01-08,Belo Horizonte,40.8,87.4,38.0,5.8,84.5,1.02,29.2,0.157,77.5,26.2,135
739,2024-01-09,Rio de Janeiro,21.6,62.9,24.7,12.6,77.6,1.32,23.0,0.315,60.3,35.0,101
740,2024-01-10,Rio de Janeiro,56.1,15.4,22.6,6.8,66.7,2.8,22.3,0.433,89.2,35.7,135
741,2024-01-11,Belo Horizonte,7.9,35.2,32.6,2.0,111.6,1.53,18.1,0.281,54.1,34.3,113
742,2024-01-12,Rio de Janeiro,28.1,26.9,35.8,3.9,108.6,2.0,28.5,0.419,76.2,24.9,94
743,2024-01-13,Porto Alegre,6.0,49.6,41.1,7.0,110.9,0.76,37.1,0.181,54.2,15.0,70
744,2024-01-14,Rio de Janeiro,22.2,14.7,44.9,13.0,69.6,1.63,37.2,0.207,64.9,29.6,110
745,2024-01-15,Porto Alegre,10.9,34.7,23.4,8.7,104.2,0.49,38.9,0.404,68.6,13.0,73
746,2024-01-16,Rio de Janeiro,63.1,47.2,35.8,2.1,84.2,1.61,34.2,0.388,60.8,34.0,204
747,2024-01-17,Porto Alegre,46.6,60.2,11.6,6.0,116.2,2.34,36.5,0.162,50.1,16.4,122
748,2024-01-18,Porto Alegre,5.4,34.9,28.9,16.4,68.9,2.02,24.0,0.279,60.9,22.9,85
749,2024-01-19,Rio de Janeiro,42.8,52.7,39.5,13.9,70.5,0.38,14.7,0.472,70.1,33.0,174
750,2024-01-20,Porto Alegre,38.7,55.3,49.9,15.7,46.4,0.83,39.0,0.127,86.8,27.0,163
751,2024-01-21,Rio de Janeiro,23.7,81.3,12.6,13.8,110.2,2.76,31.2,0.284,44.4,30.1,129
752,2024-01-22,Rio de Janeiro,51.2,58.8,15.0,16.0,26.8,1.89,32.5,0.319,88.1,22.0,158
753,2024-01-23,Rio de Janeiro,23.3,65.9,20.2,13.5,89.7,2.7,11.3,0.398,72.9,36.0,90
754,2024-01-24,Porto Alegre,49.8,86.8,54.9,5.9,112.9,1.79,15.6,0.398,45.0,19.0,163
755,2024-01-25,Belo Horizonte,43.6,57.1,38.8,14.3,30.9,2.27,31.8,0.194,82.5,35.0,169
756,2024-01-26,Porto Alegre,22.0,83.8,40.6,12.5,52.9,2.36,10.9,0.135,61.0,10.4,150
757,2024-01-27,Porto Alegre,20.0,15.8,32.7,2.7,41.3,0.93,26.6,0.36,57.1,25.7,84
758,2024-01-28,Belo Horizonte,36.6,43.5,37.0,15.1,46.9,1.27,35.4,0.155,58.3,32.8,155
759,2024-01-29,Porto Alegre,39.2,22.1,47.4,4.6,78.5,2.64,37.9,0.216,48.8,10.4,173
760,2024-01-30,Rio de Janeiro,69.6,12.6,49.6,16.8,49.0,0.4,32.7,0.219,76.1,28.4,226
761,2024-01-31,Belo Horizonte,64.5,75.8,32.0,18.4,41.6,2.53,33.7,0.238,80.8,37.7,208
762,2024-02-01,Belo Horizonte,37.9,37.3,10.7,15.4,112.3,1.63,24.6,0.375,63.5,34.2,153
763,2024-02-02,Belo Horizonte,27.9,64.2,50.2,12.9,116.3,0.4,20.8,0.416,60.4,24.2,161
764,2024-02-03,Porto Alegre,18.6,23.2,13.9,5.2,104.7,1.06,20.8,0.188,61.3,17.5,110
765,2024-02-04,Belo Horizonte,24.0,80.6,40.8,14.6,46.9,1.43,17.9,0.362,54.5,29.6,147
766,2024-02-05,Rio de Janeiro,13.8,52.8,42.3,15.9,113.9,2.42,19.6,0.117,80.8,37.3,112
767,2024-02-06,Belo Horizonte,60.6,52.8,47.8,19.7,41.6,1.43,10.7,0.28,93.0,21.7,174
768,2024-02-07,Belo Horizonte,8.1,35.2,17.1,19.0,37.8,0.57,19.9,0.475,78.7,24.9,122
769,2024-02-08,Belo Horizonte,57.2,33.0,33.4,2.9,78.1,2.37,24.7,0.173,85.0,22.9,160
770,2024-02-09,Belo Horizonte,50.9,25.3,58.9,16.9,58.2,2.93,21.8,0.288,75.7,35.4,185
771,2024-02-10,Porto Alegre,6.8,30.5,43.2,5.9,74.0,2.23,25.3,0.146,89.2,22.5,93
772,2024-02-11,Belo Horizonte,37.8,40.8,35.3,6.3,36.8,1.16,19.9,0.444,53.9,35.0,169
773,2024-02-12,Belo Horizonte,29.8,33.9,21.0,15.0,80.7,2.26,39.6,0.174,87.8,23.9,111
774,2024-02-13,Porto Alegre,10.1,52.9,35.7,19.1,74.0,0.72,28.1,0.442,89.4,13.0,117
775,2024-02-14,Belo Horizonte,42.0,33.5,43.7,6.4,88.3,1.75,32.0,0.225,48.2,31.0,167
776,2024-02-15,Porto Alegre,60.2,51.6,36.8,9.7,84.7,2.99,20.8,0.191,72.4,8.3,174
777,2024-02-16,Rio de Janeiro,55.4,26.4,43.6,17.1,103.5,1.4,39.4,0.197,81.1,37.3,177
778,2024-02-17,Porto Alegre,16.4,58.6,46.9,19.4,41.0,2.32,28.6,0.473,51.4,9.5,158
779,2024-02-18,Porto Alegre,53.8,22.3,44.5,18.7,41.4,2.23,17.4,0.106,66.1,24.3,185
780,2024-02-19,Rio de Janeiro,53.6,34.7,59.8,2.2,82.8,0.55,15.1,0.435,66.5,28.3,197
781,2024-02-20,Belo Horizonte,60.9,13.6,28.9,6.4,70.7,2.06,25.8,0.272,51.5,37.2,191
782,2024-02-21,Belo Horizonte,23.9,83.8,13.4,17.8,111.0,2.69,22.2,0.357,62.2,33.3,136
783,2024-02-22,Porto Alegre,64.1,33.3,54.0,9.6,91.7,1.0,27.2,0.488,59.5,12.0,192
784,2024-02-23,Porto Alegre,14.6,88.3,51.3,3.4,106.0,1.2,11.9,0.442,73.6,13.8,140
785,2024-02-24,Porto Alegre,26.3,62.0,18.6,14.5,78.8,0.34,11.4,0.29,86.3,20.1,145
786,2024-02-25,Porto Alegre,49.1,58.4,46.1,7.4,36.7,0.81,19.2,0.499,53.0,24.5,155
787,2024-02-26,Belo Horizonte,49.8,26.6,13.6,5.4,74.5,2.24,23.4,0.155,47.7,26.9,117
788,2024-02-27,Porto Alegre,15.8,36.3,45.2,12.9,75.7,1.38,35.3,0.175,51.3,24.4,121
789,2024-02-28,Porto Alegre,64.0,42.1,40.9,10.8,61.4,0.61,37.6,0.222,49.4,13.3,215
790,2024-02-29,Rio de Janeiro,58.5,30.0,42.5,15.6,97.5,1.78,33.0,0.388,52.0,35.8,159
791,2024-03-01,Rio de Janeiro,12.2,33.6,23.9,2.7,105.1,1.41,25.7,0.203,44.4,22.4,90
792,2024-03-02,Porto Alegre,17.1,57.6,43.2,19.4,31.4,2.14,24.8,0.468,62.3,17.3,107
793,2024-03-03,Belo Horizonte,48.8,10.2,10.5,19.3,36.3,1.45,39.7,0.427,75.0,34.4,161
794,2024-03-04,Belo Horizonte,10.7,68.5,43.0,10.2,33.4,0.32,12.9,0.247,91.6,35.4,80
795,2024-03-05,Rio de Janeiro,41.3,58.1,14.1,17.8,45.2,1.85,30.8,0.321,85.8,29.9,140
796,2024-03-06,Rio de Janeiro,7.8,21.9,51.9,7.2,84.1,2.47,31.0,0.171,68.1,22.7,86
797,2024-03-07,Porto Alegre,13.8,69.2,47.3,10.1,71.3,2.81,36.2,0.242,51.3,10.1,147
798,2024-03-08,Porto Alegre,31.5,12.1,18.1,13.4,22.3,2.55,38.4,0.417,64.7,26.8,133
799,2024-03-09,Porto Alegre,39.9,21.1,44.1,13.8,75.1,2.09,20.3,0.488,89.7,23.0,133
800,2024-03-10,Belo Horizonte,18.8,72.7,38.5,12.5,28.0,2.01,37.2,0.173,63.6,23.2,136
801,2024-03-11,Rio de Janeiro,18.6,33.0,24.3,3.9,94.4,2.13,31.5,0.264,55.3,25.9,94
802,2024-03-12,Porto Alegre,42.0,54.7,26.3,3.9,48.4,1.35,33.4,0.159,81.8,19.5,161
803,2024-03-13,Belo Horizonte,23.5,41.4,39.2,2.7,81.1,0.74,15.4,0.312,91.3,31.1,106
804,2024-03-14,Porto Alegre,59.9,22.5,35.5,14.1,85.3,1.68,32.4,0.22,52.7,13.8,191
805,2024-03-15,Rio de Janeiro,18.3,46.4,15.5,17.1,75.4,1.01,28.8,0.279,53.3,33.3,129
806,2024-03-16,Porto Alegre,31.6,63.1,38.0,9.9,36.6,2.63,20.5,0.395,94.8,20.7,159
807,2024-03-17,Porto Alegre,18.1,82.0,43.3,7.4,63.9,1.29,25.7,0.202,46.2,17.1,145
808,2024-03-18,Rio de Janeiro,21.9,10.3,24.4,11.2,95.5,2.47,28.6,0.35,54.8,18.2,102
809,2024-03-19,Belo Horizonte,51.1,44.2,43.5,16.8,109.2,0.79,29.5,0.447,41.9,32.5,159
810,2024-03-20,Belo Horizonte,37.0,47.9,19.0,7.7,24.3,2.27,34.0,0.28,93.0,34.2,113
811,2024-03-21,Belo Horizonte,9.6,62.6,53.6,12.0,76.6,1.14,27.7,0.288,91.2,19.5,121
812,2024-03-22,Rio de Janeiro,20.4,79.5,24.0,10.0,37.5,2.32,23.1,0.215,43.5,32.0,108
813,2024-03-23,Porto Alegre,46.5,16.4,55.2,3.5,60.5,2.24,37.8,0.469,71.6,11.6,170
814,2024-03-24,Porto Alegre,15.4,44.0,60.0,15.0,104.5,2.67,19.9,0.209,43.2,8.3,123
815,2024-03-25,Porto Alegre,54.3,22.0,41.9,5.1,24.2,2.8,22.1,0.176,52.8,16.5,188
816,2024-03-26,Belo Horizonte,34.3,75.0,17.5,4.2,117.5,2.09,13.3,0.46,54.6,23.1,147
817,2024-03-27,Rio de Janeiro,58.9,14.1,45.2,6.7,30.5,1.77,36.0,0.258,66.4,30.8,202
818,2024-03-28,Porto Alegre,45.8,54.1,48.1,19.0,61.6,1.25,10.5,0.217,62.6,10.4,204
819,2024-03-29,Belo Horizonte,6.1,40.1,56.0,4.5,56.4,2.64,30.0,0.369,85.4,27.0,106
820,2024-03-30,Porto Alegre,48.1,69.5,33.2,15.7,52.4,1.92,17.8,0.137,40.1,21.5,162
821,2024-03-31,Rio de Janeiro,40.0,76.4,23.9,11.3,25.6,1.92,38.3,0.478,51.4,29.6,154
822,2024-04-01,Rio de Janeiro,28.6,35.9,37.6,3.3,118.0,2.15,24.8,0.151,83.7,26.0,131
823,2024-04-02,Belo Horizonte,56.3,78.2,22.4,18.0,64.3,1.94,29.6,0.158,51.7,33.2,184
824,2024-04-03,Rio de Janeiro,8.3,48.1,22.9,13.0,30.5,1.41,27.9,0.408,69.1,35.5,78
825,2024-04-04,Rio de Janeiro,53.8,88.5,27.0,6.8,35.0,1.26,28.7,0.203,43.8,34.0,157
826,2024-04-05,Porto Alegre,31.7,21.1,13.9,5.9,30.0,0.33,19.1,0.379,43.4,15.1,136
827,2024-04-06,Belo Horizonte,26.4,82.9,21.1,10.3,72.2,2.49,29.0,0.31,65.4,36.3,141
828,2024-04-07,Rio de Janeiro,62.6,38.9,54.0,17.7,98.5,1.09,16.2,0.246,63.9,20.9,230
829,2024-04-08,Rio de Janeiro,35.3,71.1,57.2,17.7,25.1,2.98,31.1,0.211,89.0,20.8,186
830,2024-04-09,Rio de Janeiro,46.9,85.6,23.6,5.3,87.2,0.31,19.4,0.485,62.2,31.3,168
831,2024-04-10,Rio de Janeiro,12.6,21.0,22.2,14.9,52.2,1.4,27.6,0.46,66.0,18.1,90
832,2024-04-11,Rio de Janeiro,13.5,19.5,50.5,4.6,81.6,2.52,31.8,0.243,50.0,32.4,101
833,2024-04-12,Rio de Janeiro,40.1,33.8,10.3,17.1,120.0,1.45,29.2,0.282,43.8,21.3,116
834,2024-04-13,Rio de Janeiro,28.0,58.3,23.4,6.9,73.8,1.75,22.0,0.355,44.5,33.9,106
835,2024-04-14,Porto Alegre,34.2,80.1,35.2,17.3,40.3,1.14,28.0,0.298,57.4,23.8,165
836,2024-04-15,Porto Alegre,51.2,59.0,39.1,3.1,73.4,2.87,10.5,0.409,73.7,20.7,136
837,2024-04-16,Rio de Janeiro,11.5,79.2,55.6,18.3,111.8,2.34,26.5,0.308,44.3,34.8,121
838,2024-04-17,Rio de Janeiro,12.6,24.4,12.0,3.4,40.9,1.7,24.4,0.378,93.3,22.6,64
839,2024-04-18,Rio de Janeiro,61.4,44.7,33.7,8.8,77.9,0.55,19.6,0.316,50.0,27.8,152
840,2024-04-19,Rio de Janeiro,66.3,39.1,10.5,6.4,88.4,1.42,22.1,0.461,76.2,26.2,172
841,2024-04-20,Porto Alegre,34.8,17.1,54.7,7.6,54.8,1.05,31.9,0.379,83.8,21.3,163
842,2024-04-21,Belo Horizonte,19.5,58.8,40.1,6.9,60.0,0.7,26.2,0.287,76.2,19.3,133
843,2024-04-22,Belo Horizonte,23.7,56.1,12.1,7.6,47.8,2.25,13.2,0.433,82.8,35.8,102
844,2024-04-23,Rio de Janeiro,43.6,83.2,36.3,8.2,101.6,0.76,12.5,0.107,50.2,35.6,153
845,2024-04-24,Porto Alegre,6.1,23.7,16.4,7.7,73.4,2.37,23.2,0.111,85.0,16.7,78
846,2024-04-25,Porto Alegre,37.5,33.7,59.6,15.1,92.8,2.94,29.3,0.196,46.4,10.7,165
847,2024-04-26,Rio de Janeiro,41.2,70.6,19.3,18.1,80.7,0.43,12.2,0.425,42.2,27.1,168
848,2024-04-27,Porto Alegre,39.4,62.1,20.5,7.0,104.2,1.94,23.8,0.496,87.1,10.1,125
849,2024-04-28,Rio de Janeiro,16.7,87.7,44.2,7.6,63.4,2.39,37.6,0.471,94.1,30.0,136
850,2024-04-29,Belo Horizonte,43.9,77.3,50.2,10.9,34.5,0.92,25.4,0.416,89.7,36.2,191
851,2024-04-30,Porto Alegre,54.2,85.3,26.8,18.3,49.6,0.32,32.4,0.216,64.9,24.7,142
852,2024-05-01,Rio de Janeiro,30.4,24.5,43.1,9.8,54.6,1.73,23.1,0.231,93.7,22.3,118
853,2024-05-02,Belo Horizonte,33.0,74.9,34.5,12.9,93.8,0.79,32.4,0.36,58.2,33.9,165
854,2024-05-03,Belo Horizonte,16.2,58.5,21.2,4.5,33.4,2.47,19.6,0.233,79.9,37.7,82
855,2024-05-04,Rio de Janeiro,8.0,26.9,42.8,3.8,88.7,2.5,22.7,0.447,62.4,35.9,107
856,2024-05-05,Porto Alegre,58.8,16.1,21.2,10.0,62.4,0.41,17.3,0.485,78.0,9.6,155
857,2024-05-06,Rio de Janeiro,50.6,24.3,41.9,19.1,35.8,2.22,30.9,0.357,55.0,32.2,172
858,2024-05-07,Belo Horizonte,49.8,87.5,19.2,19.6,67.8,0.43,18.3,0.486,87.4,20.0,179
859,2024-05-08,Rio de Janeiro,49.2,29.5,51.0,12.4,104.3,1.76,16.8,0.251,54.0,34.2,187
860,2024-05-09,Porto Alegre,22.8,25.4,48.6,4.0,76.1,0.72,11.6,0.121,57.4,15.4,103
861,2024-05-10,Porto Alegre,13.4,47.1,42.4,9.7,45.5,0.43,33.1,0.289,62.8,9.8,117
862,2024-05-11,Belo Horizonte,8.2,33.5,29.0,12.9,105.5,2.45,21.3,0.302,82.5,26.2,69
863,2024-05-12,Porto Alegre,50.4,65.6,48.9,10.1,40.7,1.4,33.5,0.409,67.3,12.8,201
864,2024-05-13,Rio de Janeiro,56.9,43.9,26.8,9.3,24.7,0.53,18.8,0.108,43.9,28.0,142
865,2024-05-14,Porto Alegre,33.1,62.6,10.5,10.1,94.6,0.87,29.0,0.149,87.2,9.5,124
866,2024-05-15,Porto Alegre,69.2,34.4,19.2,19.3,109.9,1.71,28.5,0.347,69.9,9.9,187
867,2024-05-16,Porto Alegre,37.8,22.1,14.6,17.4,54.9,2.55,21.2,0.2,64.9,26.9,129
868,2024-05-17,Belo Horizonte,21.3,17.6,43.2,2.9,98.2,1.41,10.2,0.381,57.9,24.8,143
869,2024-05-18,Rio de Janeiro,5.0,67.5,22.4,6.3,107.1,2.5,26.9,0.396,42.0,18.4,97
870,2024-05-19,Rio de Janeiro,63.6,48.6,41.2,18.1,82.4,1.44,31.7,0.496,74.7,35.4,223
871,2024-05-20,Porto Alegre,64.3,66.7,44.1,2.9,68.4,2.99,27.5,0.379,72.7,19.6,179
872,2024-05-21,Rio de Janeiro,26.6,27.7,52.6,9.7,113.6,2.74,13.2,0.325,64.3,33.1,142
873,2024-05-22,Belo Horizonte,66.7,86.7,16.6,11.1,104.8,1.95,34.7,0.207,94.7,23.6,154
874,2024-05-23,Belo Horizonte,47.3,59.4,10.6,16.3,99.6,1.35,21.4,0.447,88.6,28.1,172
875,2024-05-24,Belo Horizonte,28.8,17.4,39.4,8.3,80.1,1.54,24.9,0.24,49.8,18.9,131
876,2024-05-25,Porto Alegre,22.6,70.0,41.9,5.1,116.4,0.8,20.8,0.378,49.2,22.0,138
877,2024-05-26,Porto Alegre,36.5,11.6,43.7,8.3,95.7,1.69,28.7,0.445,57.6,16.2,176
878,2024-05-27,Rio de Janeiro,32.1,49.0,42.0,15.2,85.2,2.63,21.6,0.358,48.9,28.5,170
879,2024-05-28,Belo Horizonte,19.4,86.1,36.7,15.4,54.8,2.52,18.0,0.27,91.1,23.7,129
880,2024-05-29,Belo Horizonte,13.6,26.0,50.1,2.0,87.7,1.97,34.9,0.329,83.8,29.5,111
881,2024-05-30,Rio de Janeiro,36.4,16.7,26.8,2.2,36.4,1.02,16.0,0.116,91.6,37.2,154
882,2024-05-31,Belo Horizonte,41.0,44.4,57.6,14.5,108.5,0.76,31.2,0.343,67.2,20.5,178
883,2024-06-01,Belo Horizonte,66.5,12.8,54.0,8.8,68.3,2.75,39.3,0.307,50.1,31.5,214
884,2024-06-02,Belo Horizonte,31.2,55.3,17.5,7.3,43.1,1.05,39.0,0.421,42.1,20.2,141
885,2024-06-03,Rio de Janeiro,57.2,77.9,57.5,6.6,46.9,1.9,12.5,0.284,81.6,23.3,201
886,2024-06-04,Rio de Janeiro,44.1,22.1,18.7,16.8,118.1,1.41,13.4,0.279,87.4,28.8,130
887,2024-06-05,Belo Horizonte,24.7,47.7,43.9,3.9,112.5,1.85,30.6,0.349,71.2,34.2,103
888,2024-06-06,Belo Horizonte,66.8,88.5,22.0,15.0,47.9,2.82,12.4,0.396,63.2,23.2,195
889,2024-06-07,Porto Alegre,45.5,18.9,48.5,15.0,45.0,1.13,17.6,0.344,55.6,17.3,154
890,2024-06-08,Porto Alegre,26.2,84.2,40.3,13.0,53.8,2.6,22.8,0.188,46.0,20.9,162
891,2024-06-09,Porto Alegre,22.6,39.3,26.4,18.6,86.3,1.94,23.7,0.434,51.9,12.9,148
892,2024-06-10,Porto Alegre,50.3,42.9,44.4,11.4,58.8,1.59,37.3,0.179,46.2,14.5,196
893,2024-06-11,Porto Alegre,38.2,61.0,34.2,9.0,87.6,2.35,39.1,0.278,46.6,28.0,116
894,2024-06-12,Porto Alegre,39.4,84.1,51.1,4.1,86.5,1.59,21.8,0.13,76.8,8.9,140
895,2024-06-13,Rio de Janeiro,68.4,36.7,52.8,5.3,39.6,1.34,27.2,0.408,66.6,27.2,202
896,2024-06-14,Belo Horizonte,50.1,79.2,30.2,4.0,81.9,0.89,24.0,0.416,49.9,28.5,153
897,2024-06-15,Porto Alegre,55.2,70.6,19.3,17.1,20.0,1.79,10.9,0.172,45.8,10.0,181
898,2024-06-16,Rio de Janeiro,61.0,70.2,44.7,6.3,52.7,1.95,28.6,0.1,91.8,27.1,207
899,2024-06-17,Belo Horizonte,16.6,80.2,17.3,14.4,50.7,2.17,24.7,0.11,62.8,30.9,113
900,2024-06-18,Belo Horizonte,24.5,76.1,41.8,18.3,95.7,1.21,40.0,0.375,73.8,19.7,155
901,2024-06-19,Rio de Janeiro,41.6,60.4,45.4,3.5,32.0,2.98,39.8,0.371,60.9,36.5,150
902,2024-06-20,Belo Horizonte,57.8,23.8,18.6,7.5,36.9,2.16,23.6,0.171,71.6,22.9,154
903,2024-06-21,Rio de Janeiro,44.7,23.6,37.1,17.6,85.7,2.68,38.5,0.353,74.9,20.5,190
904,2024-06-22,Porto Alegre,18.5,75.2,40.7,11.9,47.4,1.13,24.3,0.145,51.5,23.2,92
905,2024-06-23,Belo Horizonte,46.8,30.1,53.6,4.0,51.1,0.49,28.7,0.159,74.8,36.5,143
906,2024-06-24,Belo Horizonte,47.2,19.4,31.6,12.7,97.8,0.67,10.2,0.177,56.8,29.9,185
907,2024-06-25,Belo Horizonte,10.4,57.1,10.4,4.4,52.5,1.15,13.9,0.36,48.5,26.0,66
908,2024-06-26,Belo Horizonte,7.1,17.7,54.1,16.1,77.0,0.57,28.1,0.415,57.0,36.0,96
909,2024-06-27,Porto Alegre,35.0,30.6,19.1,15.2,108.6,1.83,13.5,0.274,79.2,8.3,112
910,2024-06-28,Porto Alegre,29.6,67.2,49.3,15.2,64.0,1.77,17.6,0.281,88.4,17.8,136
911,2024-06-29,Rio de Janeiro,40.1,82.3,38.9,5.3,26.4,2.71,35.3,0.182,93.7,30.4,124
912,2024-06-30,Rio de Janeiro,7.5,87.0,10.2,3.7,104.9,0.51,18.2,0.286,49.8,34.2,71
913,2024-07-01,Belo Horizonte,42.4,20.6,25.0,13.2,109.3,0.79,10.6,0.459,42.2,33.4,146
914,2024-07-02,Rio de Janeiro,69.8,27.7,17.3,8.8,67.6,1.07,27.2,0.33,49.6,31.0,183
915,2024-07-03,Belo Horizonte,22.9,16.6,19.2,13.6,26.6,1.73,18.6,0.29,61.5,34.4,114
916,2024-07-04,Porto Alegre,30.6,56.1,17.5,2.7,41.7,1.38,28.6,0.483,47.2,17.3,137
917,2024-07-05,Belo Horizonte,36.4,11.0,22.6,4.9,67.5,1.81,28.8,0.174,89.8,19.6,106
918,2024-07-06,Rio de Janeiro,39.8,16.9,34.9,6.8,73.0,2.37,14.9,0.265,54.4,19.7,164
919,2024-07-07,Porto Alegre,39.6,14.8,39.8,12.0,102.5,1.06,12.6,0.405,44.5,15.9,123
920,2024-07-08,Porto Alegre,69.8,56.3,13.2,2.5,26.9,2.88,14.2,0.165,78.8,12.8,150
921,2024-07-09,Porto Alegre,56.3,28.7,46.9,19.3,37.5,0.78,38.3,0.473,87.5,19.3,208
922,2024-07-10,Belo Horizonte,27.7,25.9,56.5,16.9,51.4,2.7,32.6,0.44,56.3,29.4,138
923,2024-07-11,Rio de Janeiro,25.3,45.4,31.9,8.2,110.9,1.43,30.1,0.213,83.9,37.8,147
924,2024-07-12,Rio de Janeiro,22.7,53.0,54.1,8.7,109.4,1.05,33.3,0.494,48.1,31.3,129
925,2024-07-13,Rio de Janeiro,58.2,28.8,46.9,11.2,68.4,2.0,23.0,0.164,56.2,25.7,207
926,2024-07-14,Rio de Janeiro,36.4,14.5,33.1,12.8,33.5,1.06,16.9,0.144,67.1,35.4,122
927,2024-07-15,Belo Horizonte,38.0,66.3,55.7,18.4,119.8,0.83,28.8,0.38,53.1,36.3,159
928,2024-07-16,Rio de Janeiro,68.6,34.3,45.8,4.8,27.4,0.95,37.5,0.117,48.7,31.7,196
929,2024-07-17,Porto Alegre,48.7,20.9,32.2,16.9,51.1,1.48,24.9,0.351,60.2,13.8,193
930,2024-07-18,Belo Horizonte,68.0,18.2,23.6,13.8,49.9,1.93,22.5,0.124,67.2,34.7,165
931,2024-07-19,Porto Alegre,51.1,48.3,24.9,18.7,20.7,2.45,23.2,0.455,60.4,10.0,166
932,2024-07-20,Rio de Janeiro,24.8,68.8,31.5,11.8,90.2,1.37,39.7,0.162,56.0,33.5,136
933,2024-07-21,Rio de Janeiro,64.4,88.8,12.6,5.8,22.6,1.61,14.9,0.119,78.8,31.2,138
934,2024-07-22,Belo Horizonte,6.5,73.7,47.3,16.1,38.3,2.57,21.9,0.278,76.0,18.5,125
935,2024-07-23,Porto Alegre,23.1,28.1,14.5,13.7,116.8,1.12,21.9,0.291,76.1,17.0,134
936,2024-07-24,Porto Alegre,49.2,22.1,45.3,4.0,50.5,0.92,21.8,0.167,51.7,13.9,154
937,2024-07-25,Porto Alegre,10.3,14.9,32.3,18.3,119.5,0.88,17.4,0.441,64.8,20.2,126
938,2024-07-26,Rio de Janeiro,29.1,20.6,51.0,7.8,44.1,2.52,11.7,0.368,85.0,20.5,161
939,2024-07-27,Porto Alegre,32.9,35.3,12.8,5.5,78.9,1.49,17.6,0.394,72.3,14.5,114
940,2024-07-28,Porto Alegre,60.0,36.8,21.6,16.5,98.8,0.87,35.1,0.475,84.6,23.2,163
941,2024-07-29,Rio de Janeiro,64.0,22.4,39.4,16.3,103.2,1.96,21.6,0.433,54.6,35.6,210
942,2024-07-30,Porto Alegre,10.9,31.4,27.2,4.0,39.1,0.52,34.9,0.251,65.9,26.2,110
943,2024-07-31,Belo Horizonte,17.1,36.7,44.7,13.8,40.0,0.92,29.0,0.447,91.9,37.7,152
944,2024-08-01,Rio de Janeiro,27.5,44.0,34.7,2.1,24.6,0.92,14.3,0.427,63.7,21.2,144
945,2024-08-02,Belo Horizonte,22.5,36.0,34.5,17.1,109.8,2.89,16.2,0.442,70.7,31.8,103
946,2024-08-03,Porto Alegre,36.3,39.9,29.8,15.7,111.3,2.67,18.5,0.434,91.7,11.6,113
947,2024-08-04,Belo Horizonte,67.9,45.5,49.5,9.4,78.5,1.63,31.9,0.464,74.7,37.0,224
948,2024-08-05,Porto Alegre,16.9,46.5,22.7,11.7,94.9,2.0,16.4,0.437,94.0,18.5,95
949,2024-08-06,Rio de Janeiro,45.5,88.5,17.4,14.8,41.5,1.11,14.8,0.337,47.7,36.7,136
950,2024-08-07,Belo Horizonte,29.4,48.5,10.8,16.5,93.5,2.25,22.8,0.221,75.8,23.0,135
951,2024-08-08,Rio de Janeiro,5.0,58.1,24.2,13.0,90.6,1.14,30.3,0.491,65.7,37.8,67
952,2024-08-09,Belo Horizonte,9.8,63.6,40.7,2.8,84.2,1.64,24.8,0.124,60.8,32.5,106
953,2024-08-10,Belo Horizonte,68.4,56.9,25.7,15.2,23.4,0.58,33.6,0.3,70.6,25.9,191
954,2024-08-11,Porto Alegre,45.8,78.9,35.0,5.1,107.5,2.34,39.8,0.199,55.2,12.1,158
955,2024-08-12,Rio de Janeiro,61.2,32.2,23.4,17.3,93.1,1.01,31.7,0.185,56.8,34.8,186
956,2024-08-13,Belo Horizonte,46.9,15.6,15.2,16.1,91.7,1.59,22.7,0.163,58.4,21.7,159
957,2024-08-14,Porto Alegre,52.2,67.1,50.2,2.8,75.0,1.85,11.4,0.449,60.7,25.1,180
958,2024-08-15,Belo Horizonte,36.1,30.2,51.7,10.3,52.1,1.22,17.9,0.367,73.7,37.5,160
959,2024-08-16,Porto Alegre,61.0,13.9,30.9,3.8,45.6,0.71,39.8,0.202,86.7,24.2,151
960,2024-08-17,Rio de Janeiro,53.1,80.8,46.5,13.8,36.9,0.89,16.0,0.31,46.2,20.6,150
961,2024-08-18,Rio de Janeiro,52.2,31.2,46.2,7.0,56.3,0.98,35.1,0.322,49.2,35.2,168
962,2024-08-19,Porto Alegre,34.3,42.0,12.4,3.2,52.8,1.47,19.6,0.43,60.2,20.7,135
963,2024-08-20,Porto Alegre,69.3,46.8,26.2,9.7,43.0,0.95,25.7,0.248,80.0,12.5,193
964,2024-08-21,Rio de Janeiro,6.3,54.7,21.8,15.8,45.8,0.65,28.1,0.252,42.7,29.3,103
965,2024-08-22,Belo Horizonte,61.6,12.7,36.2,3.7,26.7,2.87,33.8,0.461,59.7,29.5,204
966,2024-08-23,Belo Horizonte,32.1,88.6,33.1,12.7,88.7,2.72,21.9,0.129,47.2,25.6,163
967,2024-08-24,Porto Alegre,52.9,45.6,57.6,2.5,99.6,2.01,12.2,0.457,79.8,26.3,198
968,2024-08-25,Belo Horizonte,45.4,83.2,18.2,4.6,107.7,2.7,38.8,0.288,46.2,27.7,119
969,2024-08-26,Porto Alegre,45.1,10.7,50.3,16.9,100.0,1.64,29.3,0.257,90.5,24.0,154
970,2024-08-27,Porto Alegre,37.4,49.5,51.3,17.3,46.2,0.38,36.3,0.469,45.3,15.8,178
971,2024-08-28,Belo Horizonte,6.3,26.2,27.3,9.1,118.8,0.75,23.2,0.333,67.9,21.0,66
972,2024-08-29,Rio de Janeiro,67.1,16.5,59.1,13.6,65.5,1.34,32.4,0.382,75.1,23.1,221
973,2024-08-30,Belo Horizonte,54.8,25.8,18.8,12.4,119.2,0.99,35.2,0.304,84.0,37.4,169
974,2024-08-31,Rio de Janeiro,39.1,62.2,57.3,19.9,95.6,1.52,32.1,0.331,81.5,35.1,145
975,2024-09-01,Belo Horizonte,42.4,77.3,39.1,3.8,100.1,0.63,18.2,0.214,46.1,29.9,174
976,2024-09-02,Belo Horizonte,53.9,82.9,17.5,16.5,27.0,0.33,24.9,0.36,71.1,32.2,133
977,2024-09-03,Belo Horizonte,50.6,71.4,43.6,3.7,78.5,2.31,31.1,0.345,71.2,26.9,168
978,2024-09-04,Belo Horizonte,28.6,60.4,15.5,7.2,46.5,0.68,20.0,0.453,60.3,28.2,120
979,2024-09-05,Porto Alegre,25.1,30.1,17.6,10.8,119.0,1.55,27.1,0.397,89.3,19.9,119
980,2024-09-06,Porto Alegre,47.1,51.1,56.1,13.8,50.0,0.77,34.1,0.219,62.0,22.8,177
981,2024-09-07,Belo Horizonte,9.0,46.0,31.1,9.9,81.3,2.19,14.5,0.242,88.2,30.8,98
982,2024-09-08,Porto Alegre,67.4,22.7,44.4,17.2,93.0,1.93,13.7,0.107,57.4,12.5,216
983,2024-09-09,Porto Alegre,6.7,46.7,38.8,14.0,59.2,0.61,22.7,0.184,55.9,9.9,99
984,2024-09-10,Belo Horizonte,33.8,72.1,53.5,19.4,39.3,0.8,18.0,0.216,51.9,23.1,175
985,2024-09-11,Rio de Janeiro,22.9,66.4,17.8,4.6,85.1,2.53,30.9,0.441,48.1,23.2,76
986,2024-09-12,Rio de Janeiro,28.8,59.7,45.2,19.8,67.6,1.67,23.6,0.309,77.5,25.5,133
987,2024-09-13,Rio de Janeiro,55.5,12.6,22.9,18.5,65.1,1.43,35.4,0.107,81.1,23.8,193
988,2024-09-14,Belo Horizonte,45.1,70.4,34.8,10.5,84.6,2.59,19.1,0.311,85.1,26.0,180
989,2024-09-15,Porto Alegre,25.8,55.8,13.2,8.1,66.7,1.64,26.9,0.251,45.2,23.1,82
990,2024-09-16,Rio de Janeiro,27.4,59.9,60.0,12.0,52.4,2.03,11.4,0.232,57.2,34.6,160
991,2024-09-17,Belo Horizonte,36.8,23.6,58.3,17.4,107.3,1.27,24.7,0.312,70.6,21.4,193
992,2024-09-18,Porto Alegre,58.5,21.5,38.6,14.4,116.3,1.46,30.8,0.107,58.2,26.6,211
993,2024-09-19,Rio de Janeiro,49.0,43.1,40.4,17.4,92.4,0.6,19.3,0.32,59.2,19.9,155
994,2024-09-20,Rio de Janeiro,52.8,44.8,16.9,5.5,68.2,2.2,15.1,0.363,70.1,19.1,170
995,2024-09-21,Rio de Janeiro,64.0,44.8,42.0,18.5,22.3,1.24,22.6,0.192,49.8,24.8,180
996,2024-09-22,Rio de Janeiro,39.7,67.5,44.1,4.7,78.8,0.5,20.0,0.279,47.0,32.6,142
997,2024-09-23,Belo Horizonte,53.5,50.3,47.9,5.5,78.9,0.94,37.0,0.433,88.6,28.5,161
998,2024-09-24,Rio de Janeiro,14.4,88.6,32.3,11.1,46.1,0.92,29.9,0.495,69.1,29.3,107
999,2024-09-25,Porto Alegre,62.1,47.7,42.1,5.3,86.8,0.45,40.0,0.198,52.2,24.7,192
1000,2024-09-26,Rio de Janeiro,26.4,26.9,23.7,18.2,35.9,2.42,26.2,0.346,90.0,32.9,138
